game_id,attempts_before_win
0,15
1,709
2,10
3,83
4,143
5,70
6,74
7,67
8,4
9,17
10,27
11,291
12,250
13,182
14,92
15,265
16,31
17,1242
18,56
19,86
20,261
21,77
22,77
23,75
24,17
25,16
26,12
27,227
28,124
29,130
30,116
31,0
32,117
33,107
34,93
35,49
36,89
37,666
38,207
39,56
40,199
41,107
42,93
43,205
44,249
45,102
46,15
47,156
48,85
49,0
50,24
51,0
52,40
53,10
54,5
55,131
56,126
57,22
58,7
59,67
60,87
61,401
62,114
63,29
64,5
65,23
66,173
67,27
68,23
69,17
70,91
71,64
72,115
73,30
74,21
75,4
76,56
77,264
78,322
79,19
80,24
81,4
82,54
83,212
84,129
85,6
86,20
87,205
88,62
89,383
90,154
91,90
92,309
93,11
94,49
95,251
96,59
97,162
98,129
99,37
100,70
101,61
102,56
103,190
104,87
105,40
106,130
107,43
108,98
109,117
110,33
111,695
112,239
113,137
114,60
115,148
116,212
117,122
118,57
119,63
120,73
121,91
122,276
123,40
124,61
125,119
126,651
127,18
128,104
129,17
130,67
131,91
132,72
133,170
134,197
135,171
136,261
137,51
138,174
139,300
140,39
141,30
142,168
143,51
144,34
145,26
146,286
147,140
148,147
149,149
150,166
151,37
152,134
153,292
154,11
155,9
156,107
157,143
158,61
159,22
160,14
161,123
162,103
163,235
164,41
165,30
166,120
167,42
168,274
169,356
170,31
171,94
172,45
173,89
174,270
175,94
176,80
177,45
178,202
179,127
180,3
181,10
182,63
183,15
184,105
185,125
186,179
187,368
188,168
189,214
190,49
191,66
192,40
193,9
194,39
195,19
196,15
197,287
198,39
199,32
200,363
201,43
202,112
203,40
204,503
205,12
206,4
207,19
208,9
209,15
210,239
211,78
212,20
213,170
214,41
215,8
216,38
217,190
218,2
219,47
220,89
221,9
222,29
223,163
224,76
225,118
226,87
227,267
228,93
229,31
230,21
231,63
232,6
233,28
234,55
235,38
236,113
237,115
238,3
239,421
240,265
241,433
242,233
243,39
244,194
245,98
246,340
247,70
248,16
249,85
250,257
251,140
252,330
253,170
254,41
255,311
256,1
257,35
258,14
259,202
260,56
261,361
262,55
263,256
264,56
265,296
266,174
267,102
268,34
269,59
270,10
271,213
272,14
273,125
274,3
275,38
276,56
277,23
278,37
279,32
280,44
281,19
282,15
283,5
284,21
285,33
286,205
287,246
288,15
289,241
290,126
291,103
292,161
293,293
294,211
295,18
296,514
297,33
298,48
299,661
300,55
301,21
302,64
303,91
304,23
305,4
306,107
307,51
308,526
309,97
310,237
311,295
312,64
313,104
314,32
315,488
316,93
317,116
318,284
319,117
320,27
321,15
322,137
323,376
324,394
325,90
326,91
327,263
328,213
329,160
330,36
331,152
332,202
333,133
334,29
335,10
336,94
337,125
338,3
339,225
340,193
341,234
342,162
343,15
344,108
345,300
346,53
347,72
348,106
349,175
350,40
351,93
352,33
353,96
354,139
355,210
356,257
357,195
358,221
359,94
360,109
361,58
362,246
363,60
364,136
365,39
366,75
367,52
368,34
369,228
370,44
371,135
372,102
373,280
374,45
375,14
376,224
377,81
378,55
379,8
380,282
381,391
382,271
383,141
384,12
385,19
386,12
387,107
388,125
389,170
390,14
391,34
392,5
393,29
394,130
395,14
396,168
397,33
398,16
399,0
400,386
401,305
402,102
403,203
404,275
405,114
406,172
407,9
408,218
409,107
410,81
411,93
412,129
413,91
414,123
415,147
416,120
417,114
418,19
419,451
420,7
421,28
422,134
423,66
424,51
425,55
426,203
427,223
428,114
429,4
430,195
431,263
432,36
433,97
434,155
435,169
436,55
437,47
438,2
439,223
440,49
441,4
442,75
443,114
444,148
445,4
446,51
447,156
448,86
449,211
450,246
451,345
452,153
453,230
454,72
455,16
456,23
457,38
458,99
459,582
460,6
461,256
462,122
463,186
464,46
465,31
466,209
467,144
468,9
469,80
470,120
471,170
472,26
473,69
474,4
475,22
476,25
477,8
478,237
479,74
480,116
481,19
482,307
483,48
484,418
485,59
486,368
487,58
488,36
489,8
490,63
491,10
492,171
493,162
494,9
495,65
496,42
497,96
498,251
499,133
500,254
501,72
502,74
503,61
504,152
505,59
506,44
507,294
508,219
509,257
510,139
511,386
512,88
513,104
514,5
515,396
516,415
517,238
518,49
519,55
520,94
521,190
522,236
523,213
524,260
525,356
526,83
527,29
528,208
529,57
530,28
531,292
532,187
533,144
534,42
535,3
536,17
537,367
538,25
539,55
540,330
541,296
542,31
543,103
544,4
545,43
546,97
547,58
548,834
549,202
550,381
551,542
552,2
553,93
554,189
555,9
556,29
557,70
558,185
559,4
560,166
561,37
562,86
563,8
564,59
565,46
566,48
567,152
568,146
569,239
570,39
571,84
572,15
573,607
574,220
575,16
576,218
577,146
578,93
579,216
580,122
581,19
582,4
583,497
584,129
585,142
586,51
587,36
588,409
589,68
590,85
591,12
592,134
593,151
594,41
595,236
596,223
597,33
598,73
599,29
600,30
601,193
602,105
603,3
604,116
605,151
606,111
607,87
608,550
609,504
610,296
611,40
612,1
613,128
614,10
615,268
616,34
617,5
618,78
619,26
620,143
621,224
622,30
623,25
624,9
625,126
626,64
627,141
628,511
629,86
630,107
631,25
632,25
633,177
634,81
635,108
636,99
637,81
638,17
639,26
640,47
641,215
642,221
643,5
644,240
645,60
646,213
647,305
648,125
649,4
650,132
651,6
652,125
653,434
654,235
655,162
656,15
657,19
658,74
659,43
660,296
661,108
662,57
663,757
664,80
665,133
666,278
667,55
668,24
669,12
670,156
671,186
672,535
673,13
674,160
675,14
676,245
677,154
678,87
679,21
680,40
681,12
682,13
683,183
684,72
685,147
686,60
687,81
688,56
689,172
690,0
691,7
692,237
693,0
694,454
695,24
696,100
697,142
698,80
699,11
700,234
701,326
702,24
703,27
704,64
705,225
706,60
707,6
708,324
709,247
710,108
711,54
712,32
713,45
714,267
715,19
716,186
717,66
718,2
719,232
720,225
721,507
722,168
723,424
724,45
725,105
726,10
727,69
728,123
729,376
730,10
731,50
732,466
733,53
734,33
735,126
736,154
737,7
738,35
739,197
740,193
741,53
742,107
743,159
744,11
745,13
746,5
747,41
748,0
749,4
750,136
751,46
752,111
753,352
754,11
755,45
756,499
757,112
758,78
759,222
760,60
761,96
762,338
763,75
764,12
765,167
766,90
767,44
768,12
769,2
770,55
771,63
772,114
773,316
774,162
775,47
776,198
777,28
778,2
779,28
780,86
781,107
782,74
783,112
784,31
785,182
786,55
787,22
788,65
789,118
790,55
791,267
792,58
793,11
794,530
795,8
796,256
797,401
798,100
799,366
800,146
801,685
802,4
803,4
804,228
805,76
806,12
807,221
808,29
809,1
810,119
811,82
812,218
813,75
814,54
815,39
816,43
817,32
818,183
819,187
820,33
821,51
822,79
823,45
824,51
825,588
826,300
827,139
828,25
829,428
830,200
831,178
832,201
833,81
834,384
835,140
836,1
837,39
838,427
839,395
840,36
841,78
842,88
843,811
844,80
845,5
846,65
847,48
848,251
849,169
850,319
851,42
852,78
853,178
854,49
855,142
856,21
857,37
858,9
859,67
860,8
861,11
862,8
863,932
864,582
865,38
866,111
867,251
868,305
869,39
870,261
871,413
872,4
873,79
874,58
875,73
876,52
877,108
878,13
879,105
880,12
881,1
882,68
883,127
884,45
885,29
886,12
887,66
888,28
889,154
890,17
891,444
892,50
893,225
894,18
895,105
896,41
897,56
898,59
899,58
900,150
901,0
902,288
903,7
904,31
905,58
906,54
907,158
908,88
909,138
910,29
911,54
912,95
913,81
914,20
915,130
916,35
917,164
918,79
919,76
920,176
921,31
922,28
923,43
924,198
925,288
926,58
927,53
928,272
929,8
930,553
931,14
932,53
933,11
934,126
935,65
936,193
937,32
938,173
939,335
940,273
941,56
942,45
943,10
944,174
945,191
946,129
947,299
948,34
949,250
950,36
951,19
952,48
953,35
954,339
955,122
956,4
957,37
958,111
959,87
960,505
961,442
962,11
963,63
964,233
965,37
966,46
967,13
968,260
969,144
970,27
971,73
972,69
973,0
974,103
975,58
976,61
977,47
978,18
979,159
980,42
981,211
982,91
983,50
984,121
985,44
986,8
987,177
988,34
989,129
990,234
991,808
992,53
993,169
994,16
995,329
996,139
997,131
998,462
999,68
1000,77
1001,258
1002,59
1003,152
1004,53
1005,62
1006,25
1007,189
1008,30
1009,169
1010,114
1011,12
1012,39
1013,1
1014,122
1015,93
1016,32
1017,71
1018,92
1019,206
1020,73
1021,252
1022,112
1023,40
1024,42
1025,86
1026,214
1027,46
1028,32
1029,237
1030,34
1031,72
1032,43
1033,61
1034,38
1035,5
1036,131
1037,26
1038,212
1039,35
1040,386
1041,54
1042,109
1043,19
1044,113
1045,238
1046,10
1047,24
1048,301
1049,60
1050,170
1051,54
1052,403
1053,145
1054,69
1055,41
1056,180
1057,35
1058,3
1059,187
1060,292
1061,69
1062,93
1063,112
1064,127
1065,63
1066,199
1067,113
1068,147
1069,262
1070,35
1071,220
1072,251
1073,2
1074,543
1075,12
1076,115
1077,51
1078,3
1079,35
1080,22
1081,17
1082,78
1083,304
1084,50
1085,0
1086,25
1087,86
1088,31
1089,29
1090,187
1091,0
1092,123
1093,135
1094,58
1095,37
1096,271
1097,74
1098,171
1099,46
1100,24
1101,72
1102,45
1103,100
1104,47
1105,0
1106,174
1107,114
1108,160
1109,182
1110,68
1111,13
1112,22
1113,167
1114,5
1115,24
1116,322
1117,179
1118,76
1119,391
1120,35
1121,85
1122,63
1123,27
1124,21
1125,14
1126,173
1127,5
1128,33
1129,2
1130,108
1131,175
1132,146
1133,138
1134,80
1135,106
1136,365
1137,188
1138,54
1139,143
1140,12
1141,110
1142,412
1143,324
1144,170
1145,117
1146,126
1147,143
1148,123
1149,362
1150,67
1151,27
1152,135
1153,22
1154,23
1155,2
1156,17
1157,104
1158,11
1159,87
1160,62
1161,176
1162,20
1163,44
1164,171
1165,37
1166,40
1167,324
1168,67
1169,62
1170,301
1171,37
1172,188
1173,151
1174,139
1175,526
1176,99
1177,47
1178,36
1179,12
1180,59
1181,430
1182,225
1183,14
1184,56
1185,10
1186,48
1187,10
1188,39
1189,58
1190,159
1191,27
1192,73
1193,160
1194,31
1195,48
1196,359
1197,162
1198,227
1199,56
1200,63
1201,160
1202,82
1203,10
1204,50
1205,138
1206,114
1207,30
1208,196
1209,347
1210,117
1211,70
1212,325
1213,137
1214,144
1215,5
1216,260
1217,68
1218,75
1219,35
1220,46
1221,175
1222,40
1223,64
1224,55
1225,10
1226,91
1227,49
1228,5
1229,58
1230,21
1231,38
1232,31
1233,59
1234,132
1235,434
1236,262
1237,71
1238,3
1239,162
1240,151
1241,458
1242,163
1243,37
1244,11
1245,22
1246,53
1247,22
1248,65
1249,333
1250,103
1251,172
1252,106
1253,205
1254,60
1255,39
1256,6
1257,68
1258,37
1259,222
1260,34
1261,10
1262,108
1263,78
1264,13
1265,145
1266,106
1267,40
1268,102
1269,178
1270,14
1271,24
1272,139
1273,35
1274,125
1275,238
1276,12
1277,9
1278,126
1279,10
1280,81
1281,6
1282,585
1283,10
1284,83
1285,112
1286,165
1287,279
1288,83
1289,30
1290,89
1291,72
1292,105
1293,47
1294,15
1295,27
1296,270
1297,73
1298,82
1299,87
1300,14
1301,9
1302,455
1303,21
1304,258
1305,51
1306,119
1307,155
1308,68
1309,15
1310,98
1311,155
1312,42
1313,256
1314,94
1315,27
1316,150
1317,5
1318,49
1319,7
1320,21
1321,97
1322,150
1323,329
1324,40
1325,234
1326,158
1327,206
1328,56
1329,70
1330,76
1331,53
1332,111
1333,411
1334,270
1335,141
1336,121
1337,3
1338,323
1339,46
1340,42
1341,54
1342,153
1343,267
1344,13
1345,34
1346,335
1347,82
1348,45
1349,330
1350,39
1351,315
1352,40
1353,89
1354,7
1355,95
1356,53
1357,165
1358,542
1359,216
1360,11
1361,94
1362,102
1363,140
1364,321
1365,240
1366,98
1367,124
1368,14
1369,38
1370,275
1371,147
1372,3
1373,103
1374,1
1375,13
1376,216
1377,50
1378,68
1379,0
1380,28
1381,123
1382,444
1383,64
1384,69
1385,173
1386,147
1387,12
1388,4
1389,159
1390,21
1391,55
1392,138
1393,3
1394,16
1395,447
1396,470
1397,132
1398,99
1399,6
1400,75
1401,25
1402,71
1403,35
1404,13
1405,174
1406,449
1407,54
1408,69
1409,49
1410,239
1411,595
1412,107
1413,62
1414,47
1415,169
1416,14
1417,19
1418,26
1419,14
1420,227
1421,50
1422,208
1423,163
1424,100
1425,168
1426,15
1427,182
1428,129
1429,7
1430,19
1431,93
1432,156
1433,86
1434,1
1435,202
1436,376
1437,11
1438,98
1439,81
1440,160
1441,244
1442,75
1443,82
1444,186
1445,45
1446,242
1447,241
1448,111
1449,359
1450,182
1451,116
1452,27
1453,295
1454,100
1455,30
1456,27
1457,186
1458,94
1459,53
1460,147
1461,54
1462,193
1463,59
1464,169
1465,1
1466,73
1467,49
1468,115
1469,23
1470,125
1471,88
1472,317
1473,250
1474,283
1475,312
1476,140
1477,7
1478,135
1479,37
1480,49
1481,43
1482,107
1483,107
1484,6
1485,144
1486,153
1487,41
1488,314
1489,10
1490,4
1491,164
1492,147
1493,17
1494,123
1495,36
1496,162
1497,71
1498,11
1499,172
1500,136
1501,125
1502,497
1503,41
1504,56
1505,32
1506,118
1507,69
1508,28
1509,30
1510,301
1511,37
1512,14
1513,494
1514,9
1515,25
1516,76
1517,264
1518,19
1519,4
1520,78
1521,248
1522,5
1523,68
1524,81
1525,160
1526,12
1527,22
1528,90
1529,95
1530,163
1531,13
1532,4
1533,72
1534,196
1535,44
1536,164
1537,415
1538,106
1539,123
1540,35
1541,243
1542,72
1543,44
1544,3
1545,42
1546,33
1547,98
1548,102
1549,70
1550,369
1551,33
1552,707
1553,29
1554,103
1555,172
1556,21
1557,75
1558,194
1559,185
1560,142
1561,144
1562,5
1563,130
1564,48
1565,28
1566,238
1567,171
1568,201
1569,227
1570,226
1571,236
1572,222
1573,55
1574,2
1575,44
1576,337
1577,429
1578,112
1579,66
1580,40
1581,74
1582,94
1583,26
1584,20
1585,50
1586,8
1587,32
1588,181
1589,39
1590,165
1591,65
1592,382
1593,110
1594,53
1595,15
1596,74
1597,5
1598,26
1599,86
1600,15
1601,44
1602,110
1603,55
1604,32
1605,225
1606,2
1607,63
1608,338
1609,362
1610,47
1611,243
1612,59
1613,322
1614,280
1615,43
1616,47
1617,28
1618,107
1619,10
1620,2
1621,148
1622,346
1623,192
1624,283
1625,57
1626,221
1627,24
1628,12
1629,165
1630,73
1631,66
1632,82
1633,117
1634,147
1635,285
1636,17
1637,79
1638,20
1639,21
1640,27
1641,342
1642,65
1643,171
1644,77
1645,43
1646,39
1647,122
1648,43
1649,348
1650,12
1651,84
1652,53
1653,39
1654,126
1655,58
1656,140
1657,3
1658,80
1659,197
1660,186
1661,151
1662,149
1663,39
1664,135
1665,6
1666,34
1667,43
1668,112
1669,162
1670,207
1671,119
1672,23
1673,218
1674,362
1675,76
1676,54
1677,43
1678,209
1679,209
1680,186
1681,150
1682,139
1683,26
1684,561
1685,244
1686,10
1687,237
1688,134
1689,525
1690,144
1691,18
1692,124
1693,58
1694,185
1695,17
1696,356
1697,48
1698,10
1699,12
1700,372
1701,33
1702,5
1703,305
1704,57
1705,15
1706,115
1707,129
1708,3
1709,136
1710,76
1711,139
1712,22
1713,30
1714,27
1715,224
1716,8
1717,115
1718,174
1719,493
1720,168
1721,12
1722,391
1723,112
1724,7
1725,125
1726,173
1727,36
1728,38
1729,33
1730,246
1731,840
1732,36
1733,284
1734,4
1735,10
1736,23
1737,42
1738,105
1739,111
1740,20
1741,179
1742,53
1743,66
1744,88
1745,536
1746,140
1747,210
1748,298
1749,1
1750,203
1751,18
1752,1
1753,456
1754,202
1755,30
1756,305
1757,4
1758,30
1759,22
1760,70
1761,6
1762,39
1763,17
1764,67
1765,88
1766,141
1767,251
1768,208
1769,399
1770,260
1771,39
1772,157
1773,29
1774,240
1775,220
1776,49
1777,11
1778,107
1779,67
1780,229
1781,35
1782,127
1783,3
1784,156
1785,77
1786,54
1787,59
1788,76
1789,57
1790,411
1791,163
1792,116
1793,31
1794,132
1795,696
1796,164
1797,112
1798,118
1799,460
1800,66
1801,707
1802,33
1803,0
1804,22
1805,88
1806,131
1807,115
1808,35
1809,97
1810,152
1811,1
1812,28
1813,259
1814,451
1815,48
1816,88
1817,37
1818,13
1819,42
1820,94
1821,60
1822,115
1823,71
1824,162
1825,200
1826,263
1827,117
1828,13
1829,120
1830,15
1831,124
1832,32
1833,197
1834,186
1835,265
1836,20
1837,207
1838,12
1839,34
1840,49
1841,58
1842,308
1843,180
1844,125
1845,20
1846,125
1847,30
1848,112
1849,233
1850,358
1851,226
1852,26
1853,297
1854,40
1855,85
1856,93
1857,72
1858,304
1859,18
1860,195
1861,71
1862,49
1863,185
1864,4
1865,287
1866,114
1867,31
1868,30
1869,76
1870,68
1871,143
1872,142
1873,61
1874,201
1875,12
1876,2
1877,16
1878,60
1879,39
1880,86
1881,114
1882,253
1883,607
1884,57
1885,117
1886,224
1887,4
1888,137
1889,26
1890,19
1891,36
1892,152
1893,69
1894,78
1895,80
1896,30
1897,25
1898,264
1899,280
1900,152
1901,5
1902,74
1903,192
1904,61
1905,239
1906,98
1907,156
1908,43
1909,114
1910,242
1911,54
1912,49
1913,41
1914,362
1915,101
1916,182
1917,313
1918,296
1919,40
1920,55
1921,212
1922,19
1923,123
1924,68
1925,16
1926,26
1927,130
1928,70
1929,131
1930,87
1931,539
1932,244
1933,413
1934,249
1935,0
1936,738
1937,383
1938,45
1939,25
1940,296
1941,8
1942,127
1943,21
1944,57
1945,121
1946,57
1947,90
1948,92
1949,71
1950,64
1951,239
1952,40
1953,39
1954,28
1955,257
1956,21
1957,113
1958,20
1959,114
1960,1
1961,411
1962,190
1963,49
1964,107
1965,62
1966,19
1967,7
1968,37
1969,247
1970,161
1971,22
1972,169
1973,9
1974,32
1975,166
1976,12
1977,36
1978,226
1979,86
1980,14
1981,59
1982,101
1983,30
1984,94
1985,197
1986,66
1987,53
1988,307
1989,56
1990,72
1991,409
1992,15
1993,46
1994,109
1995,79
1996,3
1997,60
1998,109
1999,130
2000,89
2001,5
2002,355
2003,187
2004,100
2005,127
2006,19
2007,121
2008,162
2009,50
2010,20
2011,46
2012,49
2013,268
2014,136
2015,25
2016,3
2017,209
2018,57
2019,108
2020,84
2021,157
2022,126
2023,129
2024,5
2025,139
2026,82
2027,1
2028,24
2029,319
2030,73
2031,188
2032,176
2033,130
2034,292
2035,132
2036,51
2037,74
2038,28
2039,44
2040,168
2041,26
2042,22
2043,127
2044,188
2045,38
2046,290
2047,9
2048,156
2049,114
2050,34
2051,16
2052,6
2053,114
2054,42
2055,141
2056,85
2057,331
2058,272
2059,247
2060,44
2061,111
2062,231
2063,28
2064,128
2065,16
2066,33
2067,208
2068,115
2069,92
2070,418
2071,76
2072,68
2073,54
2074,183
2075,334
2076,1
2077,22
2078,415
2079,12
2080,98
2081,58
2082,69
2083,66
2084,78
2085,148
2086,71
2087,31
2088,83
2089,204
2090,105
2091,74
2092,351
2093,242
2094,121
2095,201
2096,60
2097,3
2098,56
2099,84
2100,143
2101,85
2102,164
2103,78
2104,298
2105,6
2106,127
2107,43
2108,121
2109,115
2110,309
2111,50
2112,215
2113,114
2114,75
2115,8
2116,194
2117,114
2118,213
2119,61
2120,111
2121,82
2122,83
2123,63
2124,20
2125,13
2126,6
2127,6
2128,82
2129,22
2130,20
2131,25
2132,77
2133,352
2134,18
2135,32
2136,45
2137,174
2138,18
2139,99
2140,151
2141,187
2142,148
2143,286
2144,61
2145,13
2146,57
2147,105
2148,10
2149,173
2150,63
2151,14
2152,120
2153,22
2154,265
2155,299
2156,6
2157,30
2158,39
2159,41
2160,253
2161,151
2162,2
2163,124
2164,68
2165,125
2166,86
2167,87
2168,1
2169,13
2170,9
2171,220
2172,245
2173,73
2174,68
2175,52
2176,0
2177,105
2178,5
2179,31
2180,0
2181,31
2182,179
2183,37
2184,36
2185,45
2186,89
2187,162
2188,409
2189,15
2190,26
2191,268
2192,59
2193,56
2194,189
2195,95
2196,62
2197,54
2198,222
2199,259
2200,32
2201,120
2202,204
2203,67
2204,132
2205,306
2206,117
2207,89
2208,226
2209,61
2210,61
2211,31
2212,31
2213,79
2214,1
2215,30
2216,48
2217,810
2218,70
2219,87
2220,13
2221,119
2222,347
2223,13
2224,66
2225,89
2226,3
2227,324
2228,41
2229,245
2230,243
2231,164
2232,45
2233,104
2234,129
2235,95
2236,7
2237,3
2238,100
2239,40
2240,12
2241,129
2242,137
2243,300
2244,1
2245,53
2246,63
2247,311
2248,110
2249,126
2250,370
2251,134
2252,5
2253,0
2254,6
2255,185
2256,195
2257,38
2258,63
2259,129
2260,84
2261,80
2262,229
2263,23
2264,248
2265,370
2266,80
2267,148
2268,13
2269,82
2270,28
2271,154
2272,17
2273,55
2274,92
2275,151
2276,67
2277,22
2278,64
2279,6
2280,13
2281,198
2282,12
2283,161
2284,63
2285,41
2286,117
2287,55
2288,18
2289,72
2290,30
2291,11
2292,124
2293,29
2294,236
2295,192
2296,13
2297,332
2298,187
2299,36
2300,57
2301,120
2302,76
2303,117
2304,66
2305,189
2306,16
2307,36
2308,159
2309,27
2310,11
2311,72
2312,119
2313,52
2314,32
2315,80
2316,235
2317,38
2318,8
2319,105
2320,129
2321,85
2322,402
2323,45
2324,26
2325,37
2326,4
2327,32
2328,372
2329,19
2330,275
2331,309
2332,74
2333,225
2334,164
2335,52
2336,40
2337,29
2338,89
2339,605
2340,61
2341,61
2342,2
2343,175
2344,40
2345,3
2346,22
2347,121
2348,39
2349,1059
2350,339
2351,129
2352,118
2353,49
2354,13
2355,259
2356,33
2357,45
2358,141
2359,64
2360,12
2361,26
2362,49
2363,65
2364,146
2365,159
2366,46
2367,368
2368,371
2369,105
2370,266
2371,142
2372,161
2373,274
2374,290
2375,317
2376,79
2377,88
2378,5
2379,68
2380,44
2381,15
2382,103
2383,273
2384,48
2385,46
2386,3
2387,229
2388,2
2389,357
2390,452
2391,238
2392,59
2393,88
2394,52
2395,16
2396,549
2397,22
2398,118
2399,21
2400,312
2401,76
2402,112
2403,234
2404,22
2405,13
2406,7
2407,75
2408,94
2409,65
2410,529
2411,19
2412,198
2413,41
2414,241
2415,235
2416,22
2417,6
2418,7
2419,472
2420,97
2421,219
2422,113
2423,19
2424,47
2425,102
2426,408
2427,64
2428,24
2429,40
2430,104
2431,240
2432,71
2433,89
2434,37
2435,7
2436,221
2437,98
2438,46
2439,285
2440,170
2441,106
2442,111
2443,441
2444,123
2445,267
2446,121
2447,15
2448,111
2449,201
2450,6
2451,25
2452,21
2453,186
2454,151
2455,48
2456,70
2457,15
2458,14
2459,96
2460,43
2461,70
2462,11
2463,121
2464,3
2465,110
2466,63
2467,1
2468,95
2469,160
2470,56
2471,553
2472,43
2473,23
2474,82
2475,62
2476,612
2477,98
2478,207
2479,27
2480,7
2481,63
2482,39
2483,207
2484,47
2485,28
2486,216
2487,163
2488,272
2489,29
2490,265
2491,33
2492,41
2493,25
2494,103
2495,15
2496,195
2497,316
2498,94
2499,127
2500,95
2501,95
2502,80
2503,192
2504,246
2505,65
2506,88
2507,34
2508,181
2509,2
2510,83
2511,12
2512,60
2513,31
2514,67
2515,20
2516,72
2517,72
2518,32
2519,21
2520,532
2521,272
2522,26
2523,12
2524,102
2525,393
2526,157
2527,3
2528,705
2529,54
2530,5
2531,5
2532,110
2533,217
2534,35
2535,76
2536,131
2537,2
2538,479
2539,31
2540,31
2541,19
2542,75
2543,69
2544,124
2545,116
2546,128
2547,46
2548,39
2549,84
2550,100
2551,31
2552,29
2553,279
2554,130
2555,86
2556,231
2557,8
2558,22
2559,73
2560,24
2561,9
2562,792
2563,8
2564,204
2565,4
2566,45
2567,228
2568,7
2569,98
2570,214
2571,10
2572,48
2573,8
2574,88
2575,71
2576,49
2577,38
2578,24
2579,22
2580,21
2581,205
2582,2
2583,119
2584,102
2585,171
2586,268
2587,0
2588,129
2589,42
2590,120
2591,76
2592,41
2593,440
2594,65
2595,41
2596,814
2597,160
2598,319
2599,377
2600,712
2601,157
2602,29
2603,13
2604,102
2605,86
2606,160
2607,0
2608,159
2609,108
2610,51
2611,318
2612,51
2613,15
2614,78
2615,15
2616,96
2617,448
2618,67
2619,211
2620,66
2621,85
2622,84
2623,2
2624,97
2625,11
2626,383
2627,255
2628,96
2629,147
2630,90
2631,202
2632,62
2633,28
2634,1
2635,176
2636,68
2637,28
2638,56
2639,37
2640,106
2641,7
2642,32
2643,26
2644,82
2645,229
2646,462
2647,3
2648,60
2649,72
2650,86
2651,50
2652,69
2653,43
2654,201
2655,240
2656,218
2657,31
2658,77
2659,20
2660,93
2661,248
2662,127
2663,33
2664,66
2665,20
2666,321
2667,64
2668,29
2669,180
2670,52
2671,44
2672,176
2673,20
2674,230
2675,184
2676,198
2677,80
2678,111
2679,74
2680,46
2681,33
2682,156
2683,96
2684,322
2685,52
2686,9
2687,197
2688,321
2689,350
2690,10
2691,238
2692,132
2693,173
2694,23
2695,48
2696,144
2697,286
2698,163
2699,56
2700,113
2701,176
2702,472
2703,23
2704,155
2705,16
2706,191
2707,156
2708,115
2709,48
2710,257
2711,61
2712,80
2713,198
2714,1
2715,29
2716,450
2717,208
2718,28
2719,223
2720,27
2721,25
2722,147
2723,6
2724,68
2725,24
2726,119
2727,13
2728,1
2729,63
2730,28
2731,423
2732,143
2733,865
2734,14
2735,174
2736,157
2737,267
2738,27
2739,68
2740,83
2741,33
2742,15
2743,111
2744,17
2745,392
2746,228
2747,68
2748,120
2749,6
2750,148
2751,289
2752,94
2753,68
2754,11
2755,54
2756,175
2757,48
2758,100
2759,101
2760,115
2761,79
2762,58
2763,135
2764,599
2765,126
2766,306
2767,59
2768,19
2769,102
2770,120
2771,21
2772,172
2773,452
2774,300
2775,108
2776,36
2777,111
2778,107
2779,18
2780,14
2781,50
2782,204
2783,181
2784,3
2785,100
2786,13
2787,27
2788,236
2789,20
2790,0
2791,237
2792,135
2793,36
2794,54
2795,132
2796,188
2797,67
2798,95
2799,75
2800,493
2801,212
2802,147
2803,40
2804,178
2805,229
2806,16
2807,223
2808,303
2809,1
2810,489
2811,5
2812,21
2813,131
2814,16
2815,233
2816,41
2817,175
2818,166
2819,36
2820,32
2821,48
2822,70
2823,7
2824,65
2825,295
2826,103
2827,180
2828,86
2829,43
2830,3
2831,139
2832,111
2833,175
2834,4
2835,102
2836,82
2837,181
2838,15
2839,438
2840,61
2841,1037
2842,18
2843,219
2844,90
2845,216
2846,125
2847,408
2848,39
2849,387
2850,3
2851,48
2852,142
2853,290
2854,55
2855,14
2856,821
2857,286
2858,85
2859,71
2860,98
2861,243
2862,476
2863,32
2864,63
2865,178
2866,363
2867,5
2868,159
2869,127
2870,72
2871,18
2872,87
2873,273
2874,347
2875,57
2876,100
2877,1
2878,135
2879,179
2880,63
2881,108
2882,63
2883,79
2884,18
2885,37
2886,721
2887,80
2888,421
2889,49
2890,32
2891,18
2892,464
2893,92
2894,113
2895,19
2896,36
2897,53
2898,185
2899,206
2900,106
2901,6
2902,102
2903,121
2904,18
2905,238
2906,30
2907,130
2908,16
2909,78
2910,0
2911,142
2912,96
2913,31
2914,214
2915,79
2916,253
2917,104
2918,20
2919,201
2920,163
2921,279
2922,49
2923,39
2924,82
2925,256
2926,58
2927,208
2928,138
2929,10
2930,193
2931,143
2932,221
2933,119
2934,28
2935,138
2936,62
2937,63
2938,70
2939,3
2940,37
2941,104
2942,49
2943,89
2944,26
2945,81
2946,74
2947,64
2948,167
2949,119
2950,48
2951,107
2952,4
2953,87
2954,89
2955,148
2956,84
2957,208
2958,127
2959,356
2960,546
2961,106
2962,168
2963,23
2964,76
2965,108
2966,149
2967,93
2968,180
2969,218
2970,37
2971,11
2972,6
2973,63
2974,4
2975,118
2976,82
2977,288
2978,41
2979,45
2980,227
2981,119
2982,9
2983,88
2984,5
2985,318
2986,43
2987,64
2988,2
2989,65
2990,55
2991,37
2992,12
2993,42
2994,272
2995,97
2996,70
2997,20
2998,11
2999,128
3000,237
3001,73
3002,373
3003,225
3004,21
3005,183
3006,96
3007,16
3008,15
3009,42
3010,5
3011,114
3012,57
3013,42
3014,2
3015,22
3016,93
3017,188
3018,489
3019,2
3020,10
3021,13
3022,166
3023,7
3024,153
3025,64
3026,0
3027,63
3028,3
3029,254
3030,210
3031,30
3032,41
3033,184
3034,35
3035,37
3036,76
3037,34
3038,48
3039,297
3040,15
3041,41
3042,9
3043,21
3044,46
3045,19
3046,24
3047,69
3048,33
3049,7
3050,29
3051,182
3052,49
3053,13
3054,36
3055,141
3056,6
3057,503
3058,119
3059,5
3060,11
3061,27
3062,1
3063,85
3064,38
3065,54
3066,17
3067,182
3068,665
3069,63
3070,76
3071,101
3072,59
3073,18
3074,127
3075,193
3076,22
3077,5
3078,84
3079,25
3080,96
3081,202
3082,136
3083,133
3084,124
3085,136
3086,55
3087,17
3088,18
3089,36
3090,88
3091,119
3092,159
3093,49
3094,206
3095,10
3096,172
3097,44
3098,238
3099,96
3100,43
3101,19
3102,43
3103,19
3104,39
3105,162
3106,96
3107,72
3108,5
3109,54
3110,2
3111,148
3112,36
3113,169
3114,63
3115,113
3116,420
3117,77
3118,90
3119,101
3120,157
3121,293
3122,45
3123,119
3124,129
3125,312
3126,83
3127,28
3128,73
3129,49
3130,47
3131,46
3132,40
3133,72
3134,239
3135,75
3136,117
3137,90
3138,24
3139,54
3140,8
3141,96
3142,150
3143,2
3144,57
3145,137
3146,33
3147,47
3148,26
3149,9
3150,122
3151,6
3152,218
3153,85
3154,316
3155,105
3156,117
3157,216
3158,101
3159,77
3160,180
3161,38
3162,361
3163,290
3164,62
3165,83
3166,202
3167,21
3168,71
3169,184
3170,293
3171,137
3172,55
3173,55
3174,36
3175,15
3176,81
3177,173
3178,130
3179,27
3180,26
3181,15
3182,9
3183,126
3184,341
3185,22
3186,84
3187,70
3188,45
3189,7
3190,68
3191,180
3192,48
3193,9
3194,90
3195,77
3196,29
3197,69
3198,46
3199,110
3200,139
3201,35
3202,49
3203,0
3204,11
3205,62
3206,41
3207,194
3208,12
3209,132
3210,10
3211,65
3212,26
3213,37
3214,9
3215,511
3216,39
3217,206
3218,101
3219,2
3220,278
3221,30
3222,76
3223,123
3224,29
3225,60
3226,255
3227,32
3228,198
3229,44
3230,53
3231,63
3232,193
3233,55
3234,66
3235,50
3236,39
3237,28
3238,155
3239,37
3240,219
3241,136
3242,95
3243,187
3244,18
3245,18
3246,55
3247,127
3248,262
3249,21
3250,73
3251,21
3252,106
3253,110
3254,86
3255,18
3256,98
3257,48
3258,5
3259,164
3260,26
3261,97
3262,337
3263,72
3264,274
3265,103
3266,54
3267,205
3268,209
3269,68
3270,87
3271,64
3272,45
3273,0
3274,316
3275,134
3276,103
3277,14
3278,197
3279,16
3280,95
3281,143
3282,30
3283,37
3284,124
3285,28
3286,124
3287,86
3288,401
3289,360
3290,267
3291,1
3292,23
3293,151
3294,24
3295,1
3296,98
3297,124
3298,39
3299,69
3300,200
3301,51
3302,38
3303,202
3304,2
3305,14
3306,137
3307,33
3308,87
3309,25
3310,76
3311,468
3312,38
3313,93
3314,102
3315,291
3316,11
3317,46
3318,54
3319,12
3320,35
3321,103
3322,56
3323,78
3324,5
3325,206
3326,68
3327,19
3328,103
3329,103
3330,32
3331,51
3332,44
3333,28
3334,142
3335,346
3336,20
3337,187
3338,261
3339,54
3340,228
3341,5
3342,72
3343,78
3344,49
3345,20
3346,63
3347,493
3348,7
3349,91
3350,329
3351,157
3352,141
3353,162
3354,299
3355,22
3356,78
3357,435
3358,98
3359,117
3360,45
3361,98
3362,129
3363,16
3364,24
3365,138
3366,160
3367,34
3368,2
3369,76
3370,352
3371,8
3372,66
3373,63
3374,81
3375,208
3376,147
3377,22
3378,67
3379,69
3380,7
3381,115
3382,44
3383,65
3384,79
3385,197
3386,251
3387,490
3388,70
3389,197
3390,136
3391,111
3392,306
3393,203
3394,17
3395,72
3396,22
3397,38
3398,46
3399,191
3400,6
3401,17
3402,215
3403,306
3404,112
3405,173
3406,18
3407,91
3408,76
3409,316
3410,28
3411,46
3412,131
3413,72
3414,96
3415,179
3416,90
3417,59
3418,259
3419,94
3420,412
3421,6
3422,36
3423,248
3424,62
3425,169
3426,11
3427,154
3428,230
3429,74
3430,147
3431,381
3432,181
3433,163
3434,14
3435,62
3436,108
3437,169
3438,29
3439,8
3440,17
3441,364
3442,70
3443,116
3444,580
3445,209
3446,53
3447,166
3448,105
3449,321
3450,598
3451,31
3452,88
3453,111
3454,452
3455,92
3456,84
3457,135
3458,21
3459,24
3460,52
3461,75
3462,60
3463,50
3464,62
3465,114
3466,339
3467,5
3468,38
3469,219
3470,467
3471,528
3472,202
3473,5
3474,320
3475,147
3476,57
3477,249
3478,146
3479,165
3480,193
3481,428
3482,73
3483,286
3484,111
3485,10
3486,61
3487,227
3488,10
3489,16
3490,96
3491,12
3492,49
3493,156
3494,137
3495,180
3496,44
3497,106
3498,3
3499,102
3500,333
3501,35
3502,12
3503,39
3504,77
3505,217
3506,212
3507,118
3508,163
3509,417
3510,28
3511,147
3512,39
3513,71
3514,32
3515,149
3516,285
3517,161
3518,15
3519,82
3520,283
3521,123
3522,82
3523,138
3524,38
3525,256
3526,175
3527,47
3528,190
3529,100
3530,112
3531,141
3532,266
3533,78
3534,45
3535,2
3536,46
3537,304
3538,291
3539,433
3540,250
3541,18
3542,158
3543,89
3544,83
3545,277
3546,3
3547,1
3548,0
3549,0
3550,148
3551,46
3552,142
3553,163
3554,84
3555,353
3556,2
3557,2
3558,410
3559,35
3560,28
3561,16
3562,21
3563,35
3564,338
3565,235
3566,260
3567,7
3568,59
3569,287
3570,128
3571,27
3572,28
3573,23
3574,171
3575,14
3576,19
3577,58
3578,14
3579,6
3580,294
3581,56
3582,27
3583,62
3584,4
3585,20
3586,236
3587,157
3588,2
3589,140
3590,70
3591,127
3592,38
3593,3
3594,17
3595,114
3596,177
3597,22
3598,227
3599,47
3600,35
3601,13
3602,163
3603,70
3604,78
3605,16
3606,489
3607,160
3608,35
3609,42
3610,51
3611,216
3612,42
3613,17
3614,42
3615,189
3616,37
3617,12
3618,22
3619,457
3620,4
3621,204
3622,319
3623,25
3624,460
3625,24
3626,10
3627,130
3628,106
3629,0
3630,81
3631,117
3632,141
3633,26
3634,40
3635,79
3636,319
3637,102
3638,217
3639,80
3640,52
3641,97
3642,69
3643,144
3644,24
3645,44
3646,174
3647,142
3648,22
3649,71
3650,18
3651,18
3652,182
3653,188
3654,0
3655,32
3656,34
3657,38
3658,38
3659,36
3660,200
3661,14
3662,129
3663,405
3664,189
3665,19
3666,124
3667,107
3668,276
3669,146
3670,95
3671,9
3672,148
3673,45
3674,78
3675,164
3676,135
3677,18
3678,380
3679,57
3680,5
3681,49
3682,116
3683,46
3684,104
3685,42
3686,119
3687,161
3688,8
3689,0
3690,155
3691,72
3692,189
3693,7
3694,12
3695,13
3696,23
3697,98
3698,35
3699,52
3700,18
3701,2
3702,197
3703,290
3704,30
3705,1
3706,118
3707,79
3708,183
3709,126
3710,41
3711,537
3712,121
3713,28
3714,34
3715,58
3716,178
3717,62
3718,41
3719,123
3720,53
3721,107
3722,38
3723,171
3724,47
3725,66
3726,19
3727,22
3728,434
3729,100
3730,226
3731,69
3732,102
3733,166
3734,7
3735,142
3736,266
3737,60
3738,57
3739,105
3740,153
3741,51
3742,165
3743,264
3744,53
3745,103
3746,139
3747,60
3748,23
3749,46
3750,48
3751,711
3752,353
3753,132
3754,40
3755,145
3756,26
3757,21
3758,6
3759,333
3760,108
3761,83
3762,137
3763,325
3764,85
3765,159
3766,196
3767,44
3768,400
3769,79
3770,19
3771,73
3772,82
3773,29
3774,115
3775,463
3776,12
3777,16
3778,362
3779,6
3780,69
3781,247
3782,31
3783,277
3784,92
3785,49
3786,170
3787,171
3788,11
3789,5
3790,37
3791,160
3792,240
3793,87
3794,96
3795,62
3796,4
3797,176
3798,23
3799,161
3800,166
3801,16
3802,38
3803,147
3804,8
3805,11
3806,75
3807,73
3808,8
3809,49
3810,38
3811,165
3812,23
3813,7
3814,67
3815,3
3816,12
3817,185
3818,24
3819,164
3820,72
3821,112
3822,32
3823,143
3824,123
3825,147
3826,0
3827,191
3828,62
3829,365
3830,99
3831,18
3832,87
3833,383
3834,216
3835,237
3836,72
3837,61
3838,104
3839,179
3840,53
3841,3
3842,68
3843,112
3844,619
3845,63
3846,50
3847,102
3848,44
3849,4
3850,44
3851,319
3852,84
3853,20
3854,110
3855,295
3856,250
3857,223
3858,303
3859,158
3860,60
3861,114
3862,248
3863,72
3864,119
3865,232
3866,232
3867,110
3868,59
3869,306
3870,90
3871,370
3872,69
3873,152
3874,47
3875,37
3876,110
3877,159
3878,1
3879,114
3880,75
3881,76
3882,135
3883,4
3884,9
3885,87
3886,125
3887,115
3888,121
3889,64
3890,67
3891,48
3892,16
3893,35
3894,11
3895,219
3896,43
3897,37
3898,329
3899,191
3900,522
3901,105
3902,327
3903,308
3904,8
3905,196
3906,26
3907,23
3908,9
3909,24
3910,25
3911,335
3912,214
3913,164
3914,59
3915,121
3916,249
3917,203
3918,204
3919,74
3920,132
3921,154
3922,89
3923,12
3924,42
3925,2
3926,7
3927,81
3928,260
3929,235
3930,45
3931,41
3932,75
3933,49
3934,74
3935,78
3936,43
3937,384
3938,250
3939,463
3940,157
3941,29
3942,51
3943,79
3944,72
3945,245
3946,94
3947,101
3948,486
3949,291
3950,36
3951,124
3952,220
3953,300
3954,83
3955,292
3956,13
3957,89
3958,81
3959,9
3960,2
3961,8
3962,485
3963,83
3964,46
3965,137
3966,145
3967,51
3968,609
3969,46
3970,26
3971,147
3972,242
3973,95
3974,86
3975,405
3976,89
3977,14
3978,19
3979,77
3980,201
3981,399
3982,30
3983,12
3984,87
3985,51
3986,113
3987,90
3988,48
3989,211
3990,167
3991,9
3992,77
3993,19
3994,228
3995,32
3996,3
3997,140
3998,10
3999,45
4000,10
4001,102
4002,313
4003,45
4004,152
4005,31
4006,213
4007,62
4008,81
4009,226
4010,24
4011,452
4012,12
4013,358
4014,234
4015,102
4016,0
4017,26
4018,12
4019,72
4020,36
4021,353
4022,54
4023,117
4024,141
4025,202
4026,145
4027,18
4028,54
4029,115
4030,34
4031,201
4032,14
4033,173
4034,162
4035,43
4036,106
4037,42
4038,17
4039,147
4040,101
4041,10
4042,79
4043,31
4044,40
4045,13
4046,281
4047,14
4048,21
4049,54
4050,496
4051,115
4052,170
4053,78
4054,138
4055,23
4056,28
4057,44
4058,49
4059,128
4060,28
4061,66
4062,115
4063,65
4064,194
4065,108
4066,267
4067,35
4068,170
4069,131
4070,128
4071,6
4072,66
4073,16
4074,4
4075,23
4076,159
4077,159
4078,135
4079,49
4080,72
4081,118
4082,42
4083,94
4084,199
4085,102
4086,81
4087,29
4088,73
4089,95
4090,23
4091,9
4092,22
4093,176
4094,188
4095,183
4096,9
4097,45
4098,85
4099,165
4100,325
4101,76
4102,223
4103,401
4104,63
4105,96
4106,3
4107,50
4108,293
4109,257
4110,109
4111,23
4112,141
4113,13
4114,7
4115,192
4116,27
4117,63
4118,157
4119,196
4120,185
4121,34
4122,183
4123,135
4124,52
4125,23
4126,49
4127,370
4128,174
4129,39
4130,198
4131,320
4132,6
4133,90
4134,72
4135,36
4136,201
4137,84
4138,261
4139,71
4140,26
4141,328
4142,167
4143,70
4144,85
4145,65
4146,113
4147,10
4148,92
4149,235
4150,36
4151,51
4152,42
4153,98
4154,43
4155,165
4156,19
4157,570
4158,14
4159,18
4160,10
4161,181
4162,442
4163,102
4164,7
4165,208
4166,42
4167,117
4168,120
4169,211
4170,104
4171,28
4172,209
4173,139
4174,58
4175,54
4176,292
4177,43
4178,103
4179,184
4180,70
4181,70
4182,15
4183,1
4184,135
4185,60
4186,21
4187,73
4188,416
4189,28
4190,43
4191,0
4192,24
4193,51
4194,61
4195,155
4196,180
4197,89
4198,33
4199,228
4200,37
4201,317
4202,255
4203,25
4204,79
4205,56
4206,128
4207,73
4208,33
4209,0
4210,65
4211,212
4212,210
4213,881
4214,43
4215,125
4216,677
4217,90
4218,24
4219,96
4220,195
4221,61
4222,155
4223,26
4224,59
4225,23
4226,265
4227,67
4228,248
4229,14
4230,99
4231,34
4232,338
4233,45
4234,56
4235,9
4236,302
4237,178
4238,1
4239,55
4240,98
4241,3
4242,49
4243,65
4244,2
4245,37
4246,50
4247,234
4248,7
4249,224
4250,181
4251,142
4252,106
4253,90
4254,3
4255,79
4256,12
4257,95
4258,183
4259,272
4260,104
4261,128
4262,73
4263,0
4264,50
4265,68
4266,104
4267,47
4268,86
4269,7
4270,69
4271,1
4272,332
4273,17
4274,118
4275,72
4276,5
4277,43
4278,26
4279,153
4280,15
4281,503
4282,0
4283,27
4284,202
4285,77
4286,203
4287,665
4288,275
4289,21
4290,57
4291,159
4292,210
4293,30
4294,20
4295,123
4296,132
4297,50
4298,47
4299,11
4300,28
4301,85
4302,122
4303,289
4304,188
4305,83
4306,268
4307,168
4308,187
4309,57
4310,43
4311,35
4312,143
4313,1
4314,79
4315,27
4316,127
4317,48
4318,96
4319,74
4320,26
4321,32
4322,52
4323,96
4324,69
4325,49
4326,33
4327,34
4328,44
4329,26
4330,112
4331,15
4332,185
4333,141
4334,158
4335,233
4336,4
4337,18
4338,16
4339,238
4340,20
4341,20
4342,69
4343,124
4344,161
4345,130
4346,6
4347,297
4348,63
4349,9
4350,60
4351,21
4352,51
4353,106
4354,79
4355,338
4356,283
4357,566
4358,417
4359,45
4360,21
4361,47
4362,38
4363,23
4364,357
4365,352
4366,92
4367,290
4368,39
4369,84
4370,180
4371,14
4372,60
4373,116
4374,130
4375,407
4376,133
4377,81
4378,27
4379,117
4380,62
4381,240
4382,196
4383,100
4384,31
4385,59
4386,43
4387,455
4388,78
4389,98
4390,51
4391,204
4392,192
4393,252
4394,250
4395,159
4396,162
4397,91
4398,91
4399,17
4400,88
4401,9
4402,70
4403,6
4404,152
4405,256
4406,189
4407,130
4408,35
4409,118
4410,156
4411,317
4412,174
4413,250
4414,160
4415,69
4416,229
4417,54
4418,91
4419,15
4420,205
4421,42
4422,85
4423,69
4424,447
4425,151
4426,60
4427,80
4428,73
4429,444
4430,359
4431,13
4432,46
4433,252
4434,73
4435,2
4436,15
4437,57
4438,472
4439,0
4440,51
4441,129
4442,90
4443,112
4444,263
4445,10
4446,38
4447,156
4448,238
4449,6
4450,11
4451,10
4452,194
4453,166
4454,114
4455,44
4456,743
4457,32
4458,127
4459,15
4460,79
4461,75
4462,32
4463,93
4464,165
4465,135
4466,90
4467,58
4468,194
4469,166
4470,114
4471,98
4472,146
4473,169
4474,137
4475,150
4476,139
4477,72
4478,12
4479,144
4480,5
4481,150
4482,290
4483,120
4484,16
4485,211
4486,5
4487,14
4488,178
4489,112
4490,30
4491,14
4492,151
4493,56
4494,84
4495,50
4496,59
4497,91
4498,94
4499,271
4500,43
4501,82
4502,78
4503,305
4504,92
4505,49
4506,158
4507,111
4508,205
4509,4
4510,136
4511,121
4512,2
4513,166
4514,26
4515,392
4516,130
4517,24
4518,135
4519,15
4520,75
4521,340
4522,55
4523,57
4524,308
4525,56
4526,71
4527,268
4528,320
4529,52
4530,12
4531,289
4532,74
4533,227
4534,130
4535,270
4536,199
4537,125
4538,90
4539,349
4540,38
4541,55
4542,113
4543,177
4544,204
4545,25
4546,121
4547,74
4548,522
4549,24
4550,109
4551,79
4552,37
4553,13
4554,65
4555,7
4556,157
4557,357
4558,9
4559,74
4560,59
4561,12
4562,143
4563,214
4564,264
4565,118
4566,135
4567,24
4568,145
4569,239
4570,4
4571,74
4572,11
4573,99
4574,74
4575,141
4576,60
4577,80
4578,180
4579,136
4580,173
4581,165
4582,252
4583,47
4584,152
4585,225
4586,319
4587,387
4588,60
4589,51
4590,73
4591,419
4592,37
4593,3
4594,149
4595,13
4596,428
4597,23
4598,201
4599,21
4600,20
4601,68
4602,182
4603,6
4604,32
4605,147
4606,118
4607,64
4608,137
4609,302
4610,62
4611,73
4612,375
4613,60
4614,165
4615,85
4616,7
4617,39
4618,8
4619,195
4620,27
4621,191
4622,43
4623,100
4624,4
4625,12
4626,45
4627,153
4628,73
4629,47
4630,315
4631,73
4632,50
4633,93
4634,42
4635,69
4636,84
4637,107
4638,477
4639,31
4640,119
4641,168
4642,199
4643,31
4644,116
4645,59
4646,62
4647,16
4648,83
4649,21
4650,7
4651,25
4652,118
4653,118
4654,508
4655,99
4656,34
4657,28
4658,48
4659,232
4660,167
4661,127
4662,67
4663,482
4664,102
4665,27
4666,222
4667,191
4668,25
4669,34
4670,124
4671,192
4672,186
4673,51
4674,68
4675,23
4676,26
4677,202
4678,72
4679,97
4680,38
4681,90
4682,1
4683,249
4684,527
4685,133
4686,63
4687,49
4688,67
4689,210
4690,37
4691,102
4692,194
4693,14
4694,32
4695,33
4696,778
4697,147
4698,79
4699,66
4700,24
4701,11
4702,102
4703,129
4704,58
4705,5
4706,84
4707,96
4708,52
4709,468
4710,2
4711,150
4712,136
4713,2
4714,101
4715,255
4716,575
4717,69
4718,17
4719,56
4720,381
4721,92
4722,163
4723,156
4724,10
4725,45
4726,726
4727,41
4728,221
4729,42
4730,129
4731,503
4732,49
4733,21
4734,73
4735,160
4736,48
4737,31
4738,2
4739,206
4740,24
4741,355
4742,56
4743,111
4744,40
4745,22
4746,7
4747,6
4748,64
4749,107
4750,68
4751,12
4752,66
4753,61
4754,148
4755,149
4756,314
4757,18
4758,161
4759,31
4760,4
4761,414
4762,132
4763,108
4764,33
4765,39
4766,79
4767,36
4768,116
4769,24
4770,416
4771,27
4772,35
4773,1
4774,184
4775,168
4776,275
4777,221
4778,199
4779,248
4780,342
4781,76
4782,184
4783,104
4784,131
4785,37
4786,216
4787,131
4788,27
4789,2
4790,44
4791,154
4792,110
4793,33
4794,460
4795,20
4796,80
4797,18
4798,3
4799,46
4800,125
4801,55
4802,173
4803,97
4804,23
4805,291
4806,298
4807,37
4808,359
4809,179
4810,134
4811,27
4812,34
4813,44
4814,25
4815,90
4816,164
4817,299
4818,2
4819,433
4820,5
4821,3
4822,121
4823,67
4824,43
4825,373
4826,88
4827,188
4828,265
4829,196
4830,9
4831,53
4832,130
4833,32
4834,238
4835,35
4836,72
4837,9
4838,347
4839,121
4840,258
4841,325
4842,67
4843,148
4844,214
4845,130
4846,129
4847,49
4848,35
4849,83
4850,121
4851,57
4852,59
4853,84
4854,163
4855,80
4856,44
4857,137
4858,174
4859,67
4860,56
4861,28
4862,49
4863,74
4864,266
4865,92
4866,74
4867,117
4868,60
4869,57
4870,97
4871,2
4872,84
4873,53
4874,26
4875,452
4876,145
4877,144
4878,41
4879,52
4880,5
4881,198
4882,163
4883,51
4884,57
4885,184
4886,15
4887,113
4888,97
4889,26
4890,55
4891,31
4892,109
4893,88
4894,62
4895,50
4896,628
4897,72
4898,2
4899,34
4900,228
4901,150
4902,157
4903,130
4904,69
4905,92
4906,14
4907,173
4908,167
4909,96
4910,225
4911,218
4912,32
4913,198
4914,67
4915,68
4916,159
4917,50
4918,201
4919,103
4920,297
4921,265
4922,171
4923,407
4924,96
4925,1
4926,215
4927,74
4928,69
4929,185
4930,179
4931,33
4932,115
4933,53
4934,41
4935,62
4936,37
4937,825
4938,152
4939,1
4940,302
4941,64
4942,451
4943,65
4944,156
4945,176
4946,402
4947,98
4948,227
4949,35
4950,19
4951,54
4952,3
4953,27
4954,10
4955,137
4956,72
4957,216
4958,75
4959,55
4960,18
4961,80
4962,195
4963,37
4964,175
4965,89
4966,14
4967,114
4968,6
4969,110
4970,201
4971,103
4972,248
4973,25
4974,16
4975,101
4976,241
4977,33
4978,72
4979,66
4980,126
4981,76
4982,11
4983,407
4984,393
4985,168
4986,284
4987,40
4988,5
4989,273
4990,31
4991,27
4992,111
4993,99
4994,175
4995,36
4996,231
4997,377
4998,16
4999,97
5000,97
5001,161
5002,376
5003,222
5004,75
5005,163
5006,315
5007,46
5008,147
5009,331
5010,90
5011,14
5012,484
5013,17
5014,148
5015,100
5016,57
5017,73
5018,34
5019,78
5020,146
5021,143
5022,164
5023,52
5024,449
5025,471
5026,122
5027,3
5028,134
5029,177
5030,198
5031,46
5032,178
5033,52
5034,34
5035,94
5036,116
5037,108
5038,102
5039,29
5040,81
5041,6
5042,27
5043,194
5044,67
5045,233
5046,148
5047,237
5048,144
5049,3
5050,5
5051,47
5052,115
5053,60
5054,134
5055,42
5056,133
5057,9
5058,32
5059,102
5060,127
5061,85
5062,389
5063,38
5064,7
5065,120
5066,350
5067,122
5068,258
5069,82
5070,243
5071,73
5072,38
5073,115
5074,3
5075,46
5076,166
5077,79
5078,373
5079,199
5080,67
5081,93
5082,133
5083,11
5084,18
5085,303
5086,14
5087,81
5088,168
5089,50
5090,14
5091,121
5092,47
5093,33
5094,112
5095,250
5096,43
5097,2
5098,11
5099,65
5100,102
5101,147
5102,90
5103,11
5104,122
5105,403
5106,7
5107,572
5108,99
5109,66
5110,3
5111,114
5112,334
5113,194
5114,52
5115,41
5116,1
5117,63
5118,29
5119,186
5120,37
5121,37
5122,40
5123,121
5124,94
5125,79
5126,352
5127,21
5128,48
5129,349
5130,105
5131,351
5132,417
5133,102
5134,353
5135,29
5136,229
5137,2
5138,13
5139,118
5140,74
5141,18
5142,58
5143,10
5144,9
5145,0
5146,44
5147,168
5148,142
5149,101
5150,46
5151,57
5152,20
5153,197
5154,69
5155,56
5156,71
5157,162
5158,48
5159,165
5160,199
5161,119
5162,68
5163,11
5164,6
5165,17
5166,43
5167,8
5168,185
5169,30
5170,90
5171,93
5172,159
5173,0
5174,6
5175,68
5176,7
5177,280
5178,15
5179,47
5180,88
5181,143
5182,47
5183,21
5184,28
5185,5
5186,192
5187,63
5188,80
5189,57
5190,164
5191,53
5192,3
5193,68
5194,31
5195,134
5196,33
5197,239
5198,170
5199,41
5200,93
5201,271
5202,213
5203,81
5204,32
5205,20
5206,191
5207,14
5208,379
5209,56
5210,186
5211,352
5212,11
5213,49
5214,35
5215,26
5216,0
5217,118
5218,54
5219,62
5220,269
5221,15
5222,37
5223,283
5224,41
5225,212
5226,85
5227,35
5228,79
5229,42
5230,369
5231,234
5232,432
5233,25
5234,27
5235,971
5236,9
5237,78
5238,226
5239,541
5240,177
5241,83
5242,258
5243,225
5244,117
5245,16
5246,59
5247,43
5248,57
5249,79
5250,137
5251,34
5252,20
5253,137
5254,15
5255,442
5256,44
5257,172
5258,74
5259,35
5260,304
5261,269
5262,122
5263,167
5264,23
5265,115
5266,85
5267,148
5268,7
5269,102
5270,15
5271,140
5272,105
5273,128
5274,40
5275,73
5276,101
5277,246
5278,48
5279,7
5280,10
5281,32
5282,110
5283,129
5284,377
5285,58
5286,135
5287,377
5288,236
5289,146
5290,83
5291,747
5292,19
5293,66
5294,69
5295,33
5296,29
5297,72
5298,36
5299,16
5300,422
5301,150
5302,101
5303,217
5304,237
5305,29
5306,5
5307,39
5308,275
5309,75
5310,162
5311,138
5312,196
5313,222
5314,214
5315,186
5316,25
5317,150
5318,0
5319,125
5320,236
5321,47
5322,198
5323,65
5324,15
5325,75
5326,53
5327,170
5328,137
5329,42
5330,63
5331,227
5332,212
5333,31
5334,144
5335,107
5336,147
5337,243
5338,37
5339,1
5340,220
5341,70
5342,292
5343,26
5344,315
5345,84
5346,81
5347,87
5348,62
5349,41
5350,9
5351,154
5352,90
5353,133
5354,282
5355,5
5356,106
5357,741
5358,374
5359,404
5360,190
5361,190
5362,1
5363,194
5364,161
5365,171
5366,92
5367,8
5368,193
5369,25
5370,15
5371,102
5372,20
5373,145
5374,478
5375,87
5376,31
5377,396
5378,17
5379,103
5380,9
5381,75
5382,25
5383,280
5384,83
5385,40
5386,43
5387,40
5388,139
5389,164
5390,181
5391,10
5392,14
5393,133
5394,162
5395,39
5396,347
5397,155
5398,9
5399,37
5400,181
5401,417
5402,168
5403,112
5404,62
5405,142
5406,132
5407,250
5408,21
5409,269
5410,23
5411,53
5412,45
5413,28
5414,26
5415,114
5416,250
5417,14
5418,115
5419,8
5420,115
5421,57
5422,51
5423,7
5424,21
5425,71
5426,102
5427,98
5428,117
5429,10
5430,27
5431,228
5432,113
5433,287
5434,381
5435,86
5436,77
5437,0
5438,12
5439,120
5440,42
5441,90
5442,343
5443,111
5444,186
5445,79
5446,169
5447,82
5448,3
5449,235
5450,50
5451,29
5452,32
5453,15
5454,0
5455,0
5456,51
5457,83
5458,44
5459,25
5460,58
5461,18
5462,120
5463,13
5464,343
5465,9
5466,158
5467,25
5468,175
5469,122
5470,401
5471,44
5472,119
5473,0
5474,98
5475,49
5476,270
5477,200
5478,1
5479,580
5480,33
5481,61
5482,181
5483,62
5484,20
5485,11
5486,0
5487,59
5488,13
5489,8
5490,163
5491,10
5492,14
5493,134
5494,504
5495,105
5496,12
5497,144
5498,303
5499,26
5500,71
5501,97
5502,71
5503,210
5504,50
5505,63
5506,4
5507,147
5508,38
5509,38
5510,105
5511,13
5512,127
5513,65
5514,196
5515,201
5516,28
5517,17
5518,135
5519,86
5520,32
5521,86
5522,176
5523,200
5524,99
5525,203
5526,48
5527,46
5528,53
5529,88
5530,43
5531,6
5532,354
5533,41
5534,8
5535,66
5536,126
5537,51
5538,126
5539,1
5540,116
5541,43
5542,124
5543,79
5544,0
5545,152
5546,11
5547,51
5548,74
5549,50
5550,46
5551,78
5552,247
5553,158
5554,182
5555,35
5556,249
5557,226
5558,31
5559,128
5560,35
5561,5
5562,42
5563,5
5564,25
5565,151
5566,129
5567,122
5568,142
5569,77
5570,20
5571,241
5572,109
5573,112
5574,4
5575,400
5576,20
5577,114
5578,611
5579,58
5580,917
5581,147
5582,173
5583,22
5584,144
5585,13
5586,308
5587,157
5588,0
5589,11
5590,48
5591,8
5592,219
5593,192
5594,7
5595,104
5596,6
5597,125
5598,245
5599,371
5600,148
5601,117
5602,83
5603,86
5604,59
5605,354
5606,136
5607,55
5608,80
5609,7
5610,92
5611,56
5612,151
5613,481
5614,244
5615,49
5616,1
5617,20
5618,291
5619,21
5620,111
5621,267
5622,47
5623,149
5624,39
5625,370
5626,0
5627,61
5628,141
5629,164
5630,191
5631,120
5632,119
5633,178
5634,17
5635,290
5636,14
5637,21
5638,151
5639,13
5640,15
5641,215
5642,31
5643,198
5644,45
5645,112
5646,107
5647,113
5648,47
5649,205
5650,11
5651,75
5652,103
5653,203
5654,152
5655,22
5656,154
5657,96
5658,34
5659,227
5660,28
5661,41
5662,16
5663,15
5664,65
5665,136
5666,418
5667,185
5668,126
5669,175
5670,643
5671,65
5672,158
5673,104
5674,33
5675,136
5676,48
5677,185
5678,250
5679,45
5680,476
5681,273
5682,65
5683,38
5684,41
5685,72
5686,552
5687,230
5688,33
5689,93
5690,39
5691,66
5692,106
5693,238
5694,19
5695,117
5696,63
5697,130
5698,44
5699,36
5700,22
5701,163
5702,16
5703,172
5704,126
5705,7
5706,48
5707,132
5708,122
5709,104
5710,226
5711,37
5712,137
5713,50
5714,32
5715,652
5716,215
5717,29
5718,161
5719,261
5720,187
5721,115
5722,41
5723,109
5724,54
5725,221
5726,348
5727,20
5728,219
5729,38
5730,185
5731,137
5732,40
5733,52
5734,286
5735,75
5736,163
5737,81
5738,118
5739,8
5740,92
5741,22
5742,8
5743,211
5744,214
5745,45
5746,358
5747,32
5748,29
5749,3
5750,129
5751,29
5752,164
5753,45
5754,9
5755,171
5756,63
5757,64
5758,57
5759,17
5760,64
5761,10
5762,180
5763,15
5764,54
5765,16
5766,48
5767,0
5768,6
5769,32
5770,175
5771,3
5772,118
5773,68
5774,44
5775,2
5776,124
5777,116
5778,45
5779,2
5780,157
5781,28
5782,23
5783,170
5784,75
5785,191
5786,186
5787,99
5788,78
5789,94
5790,15
5791,20
5792,169
5793,164
5794,115
5795,32
5796,90
5797,192
5798,5
5799,101
5800,153
5801,319
5802,78
5803,257
5804,36
5805,5
5806,45
5807,106
5808,3
5809,307
5810,195
5811,248
5812,200
5813,40
5814,32
5815,432
5816,249
5817,200
5818,60
5819,53
5820,298
5821,57
5822,0
5823,34
5824,168
5825,121
5826,55
5827,203
5828,36
5829,14
5830,93
5831,228
5832,15
5833,273
5834,24
5835,37
5836,243
5837,36
5838,138
5839,168
5840,89
5841,763
5842,114
5843,58
5844,214
5845,74
5846,38
5847,0
5848,129
5849,28
5850,153
5851,55
5852,284
5853,36
5854,81
5855,172
5856,73
5857,29
5858,11
5859,15
5860,114
5861,108
5862,117
5863,67
5864,74
5865,345
5866,317
5867,44
5868,167
5869,77
5870,165
5871,25
5872,18
5873,6
5874,99
5875,77
5876,46
5877,174
5878,21
5879,205
5880,261
5881,11
5882,97
5883,421
5884,15
5885,29
5886,1
5887,11
5888,221
5889,5
5890,85
5891,254
5892,11
5893,97
5894,8
5895,10
5896,147
5897,85
5898,292
5899,55
5900,15
5901,94
5902,29
5903,27
5904,210
5905,50
5906,107
5907,50
5908,17
5909,30
5910,14
5911,63
5912,120
5913,49
5914,127
5915,47
5916,17
5917,87
5918,356
5919,236
5920,179
5921,175
5922,193
5923,2
5924,87
5925,171
5926,88
5927,96
5928,3
5929,63
5930,8
5931,165
5932,94
5933,69
5934,419
5935,289
5936,35
5937,60
5938,195
5939,63
5940,19
5941,13
5942,318
5943,235
5944,235
5945,91
5946,126
5947,149
5948,248
5949,59
5950,270
5951,8
5952,8
5953,280
5954,14
5955,114
5956,138
5957,359
5958,321
5959,211
5960,87
5961,111
5962,74
5963,7
5964,3
5965,38
5966,75
5967,15
5968,56
5969,190
5970,114
5971,204
5972,65
5973,40
5974,202
5975,28
5976,7
5977,253
5978,18
5979,93
5980,214
5981,10
5982,46
5983,162
5984,84
5985,122
5986,30
5987,43
5988,72
5989,72
5990,95
5991,80
5992,0
5993,344
5994,420
5995,350
5996,181
5997,110
5998,444
5999,77
6000,77
6001,21
6002,107
6003,82
6004,48
6005,14
6006,136
6007,60
6008,527
6009,219
6010,85
6011,45
6012,431
6013,279
6014,24
6015,35
6016,10
6017,50
6018,108
6019,246
6020,280
6021,105
6022,68
6023,10
6024,563
6025,324
6026,132
6027,59
6028,74
6029,8
6030,157
6031,120
6032,181
6033,50
6034,190
6035,11
6036,79
6037,68
6038,93
6039,216
6040,160
6041,153
6042,254
6043,68
6044,49
6045,472
6046,11
6047,181
6048,8
6049,375
6050,108
6051,101
6052,37
6053,12
6054,252
6055,291
6056,159
6057,23
6058,31
6059,255
6060,131
6061,28
6062,281
6063,43
6064,90
6065,11
6066,67
6067,28
6068,0
6069,97
6070,26
6071,198
6072,80
6073,200
6074,25
6075,8
6076,16
6077,255
6078,104
6079,29
6080,24
6081,134
6082,40
6083,32
6084,48
6085,12
6086,3
6087,25
6088,252
6089,24
6090,46
6091,45
6092,158
6093,70
6094,686
6095,215
6096,18
6097,9
6098,40
6099,311
6100,56
6101,40
6102,123
6103,9
6104,234
6105,119
6106,39
6107,153
6108,88
6109,314
6110,81
6111,25
6112,395
6113,98
6114,76
6115,94
6116,63
6117,0
6118,87
6119,187
6120,315
6121,69
6122,4
6123,18
6124,92
6125,84
6126,12
6127,266
6128,199
6129,107
6130,11
6131,97
6132,140
6133,74
6134,41
6135,107
6136,229
6137,5
6138,41
6139,15
6140,161
6141,3
6142,21
6143,6
6144,751
6145,399
6146,29
6147,125
6148,92
6149,85
6150,188
6151,298
6152,61
6153,150
6154,268
6155,185
6156,23
6157,55
6158,90
6159,106
6160,140
6161,88
6162,126
6163,116
6164,434
6165,145
6166,48
6167,20
6168,45
6169,184
6170,185
6171,36
6172,81
6173,60
6174,187
6175,439
6176,17
6177,226
6178,98
6179,164
6180,215
6181,39
6182,263
6183,902
6184,90
6185,11
6186,190
6187,314
6188,44
6189,155
6190,66
6191,108
6192,89
6193,87
6194,98
6195,317
6196,215
6197,426
6198,184
6199,7
6200,127
6201,7
6202,45
6203,90
6204,112
6205,273
6206,74
6207,59
6208,64
6209,69
6210,111
6211,111
6212,39
6213,145
6214,40
6215,130
6216,112
6217,29
6218,76
6219,25
6220,60
6221,101
6222,2
6223,37
6224,293
6225,242
6226,154
6227,44
6228,132
6229,158
6230,233
6231,120
6232,283
6233,41
6234,41
6235,72
6236,194
6237,201
6238,4
6239,184
6240,180
6241,153
6242,308
6243,141
6244,27
6245,119
6246,66
6247,2
6248,61
6249,149
6250,19
6251,61
6252,2
6253,72
6254,59
6255,49
6256,507
6257,25
6258,4
6259,28
6260,96
6261,55
6262,1
6263,123
6264,39
6265,264
6266,58
6267,265
6268,91
6269,158
6270,158
6271,100
6272,100
6273,1
6274,105
6275,67
6276,53
6277,121
6278,75
6279,1
6280,151
6281,231
6282,49
6283,47
6284,139
6285,24
6286,43
6287,0
6288,22
6289,302
6290,301
6291,46
6292,17
6293,46
6294,25
6295,46
6296,31
6297,50
6298,253
6299,27
6300,1
6301,134
6302,600
6303,200
6304,5
6305,398
6306,58
6307,58
6308,189
6309,73
6310,91
6311,306
6312,93
6313,197
6314,101
6315,45
6316,104
6317,11
6318,124
6319,46
6320,72
6321,145
6322,46
6323,176
6324,149
6325,42
6326,206
6327,155
6328,251
6329,23
6330,81
6331,21
6332,6
6333,582
6334,228
6335,241
6336,45
6337,477
6338,28
6339,201
6340,76
6341,255
6342,279
6343,32
6344,25
6345,30
6346,62
6347,12
6348,249
6349,133
6350,276
6351,309
6352,86
6353,17
6354,0
6355,102
6356,306
6357,25
6358,103
6359,279
6360,186
6361,74
6362,3
6363,51
6364,7
6365,423
6366,116
6367,20
6368,28
6369,87
6370,10
6371,0
6372,25
6373,352
6374,29
6375,75
6376,144
6377,55
6378,44
6379,126
6380,79
6381,111
6382,79
6383,118
6384,218
6385,23
6386,461
6387,10
6388,98
6389,192
6390,43
6391,62
6392,425
6393,199
6394,42
6395,120
6396,150
6397,166
6398,365
6399,30
6400,203
6401,196
6402,18
6403,25
6404,111
6405,192
6406,9
6407,36
6408,19
6409,132
6410,246
6411,113
6412,102
6413,195
6414,25
6415,4
6416,19
6417,210
6418,340
6419,233
6420,546
6421,74
6422,281
6423,13
6424,77
6425,198
6426,7
6427,356
6428,40
6429,14
6430,161
6431,290
6432,31
6433,122
6434,424
6435,4
6436,288
6437,158
6438,6
6439,12
6440,20
6441,57
6442,62
6443,169
6444,73
6445,59
6446,20
6447,66
6448,92
6449,14
6450,176
6451,10
6452,61
6453,194
6454,65
6455,249
6456,211
6457,163
6458,161
6459,2
6460,13
6461,87
6462,189
6463,42
6464,21
6465,74
6466,34
6467,181
6468,295
6469,95
6470,82
6471,36
6472,65
6473,361
6474,96
6475,128
6476,4
6477,85
6478,65
6479,88
6480,32
6481,174
6482,19
6483,47
6484,9
6485,95
6486,7
6487,70
6488,202
6489,55
6490,43
6491,272
6492,51
6493,92
6494,29
6495,54
6496,13
6497,305
6498,201
6499,285
6500,234
6501,49
6502,1
6503,205
6504,54
6505,13
6506,233
6507,14
6508,12
6509,52
6510,146
6511,8
6512,35
6513,273
6514,127
6515,151
6516,98
6517,208
6518,54
6519,59
6520,52
6521,153
6522,51
6523,103
6524,555
6525,119
6526,243
6527,48
6528,394
6529,35
6530,4
6531,15
6532,77
6533,113
6534,48
6535,1
6536,299
6537,102
6538,205
6539,449
6540,146
6541,309
6542,46
6543,60
6544,223
6545,44
6546,30
6547,2
6548,93
6549,72
6550,77
6551,16
6552,195
6553,60
6554,6
6555,93
6556,81
6557,39
6558,25
6559,73
6560,307
6561,231
6562,131
6563,6
6564,157
6565,67
6566,117
6567,225
6568,221
6569,66
6570,92
6571,12
6572,1
6573,94
6574,8
6575,75
6576,71
6577,320
6578,45
6579,161
6580,247
6581,7
6582,77
6583,53
6584,93
6585,6
6586,51
6587,132
6588,113
6589,75
6590,17
6591,279
6592,73
6593,31
6594,358
6595,207
6596,213
6597,112
6598,123
6599,38
6600,54
6601,108
6602,74
6603,24
6604,104
6605,23
6606,88
6607,101
6608,193
6609,101
6610,457
6611,270
6612,130
6613,35
6614,202
6615,398
6616,41
6617,3
6618,19
6619,283
6620,175
6621,6
6622,18
6623,4
6624,2
6625,125
6626,144
6627,26
6628,77
6629,34
6630,109
6631,18
6632,134
6633,117
6634,13
6635,149
6636,56
6637,30
6638,192
6639,190
6640,341
6641,18
6642,16
6643,58
6644,9
6645,198
6646,117
6647,116
6648,60
6649,24
6650,12
6651,10
6652,9
6653,102
6654,57
6655,33
6656,27
6657,81
6658,109
6659,237
6660,164
6661,108
6662,127
6663,20
6664,65
6665,215
6666,96
6667,54
6668,61
6669,209
6670,24
6671,463
6672,52
6673,9
6674,136
6675,23
6676,918
6677,170
6678,17
6679,50
6680,33
6681,7
6682,208
6683,74
6684,91
6685,147
6686,65
6687,82
6688,64
6689,134
6690,27
6691,71
6692,130
6693,201
6694,20
6695,92
6696,309
6697,131
6698,81
6699,88
6700,73
6701,53
6702,69
6703,250
6704,347
6705,132
6706,78
6707,143
6708,103
6709,153
6710,282
6711,256
6712,81
6713,85
6714,297
6715,148
6716,102
6717,43
6718,257
6719,209
6720,78
6721,110
6722,232
6723,106
6724,0
6725,39
6726,67
6727,51
6728,18
6729,8
6730,197
6731,44
6732,137
6733,110
6734,1
6735,267
6736,173
6737,6
6738,66
6739,84
6740,127
6741,191
6742,8
6743,27
6744,232
6745,463
6746,68
6747,105
6748,122
6749,240
6750,154
6751,102
6752,362
6753,134
6754,51
6755,136
6756,54
6757,28
6758,75
6759,173
6760,23
6761,19
6762,23
6763,84
6764,34
6765,168
6766,7
6767,114
6768,71
6769,22
6770,18
6771,157
6772,194
6773,181
6774,111
6775,19
6776,613
6777,1
6778,212
6779,161
6780,52
6781,86
6782,36
6783,62
6784,71
6785,366
6786,37
6787,120
6788,9
6789,187
6790,40
6791,40
6792,183
6793,228
6794,106
6795,99
6796,79
6797,216
6798,97
6799,57
6800,12
6801,1
6802,13
6803,9
6804,25
6805,69
6806,145
6807,472
6808,86
6809,132
6810,50
6811,138
6812,27
6813,64
6814,31
6815,317
6816,20
6817,14
6818,26
6819,248
6820,34
6821,327
6822,158
6823,115
6824,42
6825,272
6826,71
6827,249
6828,254
6829,14
6830,11
6831,117
6832,77
6833,124
6834,77
6835,68
6836,45
6837,3
6838,174
6839,151
6840,16
6841,281
6842,68
6843,27
6844,37
6845,103
6846,98
6847,41
6848,343
6849,31
6850,100
6851,100
6852,25
6853,310
6854,294
6855,190
6856,3
6857,513
6858,78
6859,144
6860,647
6861,1
6862,290
6863,405
6864,9
6865,186
6866,16
6867,36
6868,10
6869,23
6870,2
6871,73
6872,79
6873,102
6874,144
6875,196
6876,91
6877,38
6878,144
6879,1
6880,161
6881,57
6882,113
6883,8
6884,190
6885,215
6886,391
6887,322
6888,133
6889,77
6890,52
6891,473
6892,40
6893,328
6894,211
6895,395
6896,22
6897,201
6898,37
6899,39
6900,237
6901,435
6902,369
6903,34
6904,198
6905,89
6906,296
6907,162
6908,102
6909,488
6910,84
6911,97
6912,37
6913,15
6914,150
6915,81
6916,41
6917,231
6918,97
6919,30
6920,118
6921,13
6922,162
6923,115
6924,73
6925,100
6926,270
6927,399
6928,29
6929,108
6930,362
6931,15
6932,77
6933,253
6934,26
6935,216
6936,140
6937,70
6938,93
6939,43
6940,88
6941,118
6942,113
6943,6
6944,51
6945,0
6946,265
6947,23
6948,126
6949,203
6950,334
6951,99
6952,37
6953,12
6954,139
6955,18
6956,147
6957,29
6958,233
6959,136
6960,89
6961,53
6962,140
6963,67
6964,201
6965,41
6966,7
6967,22
6968,188
6969,186
6970,136
6971,154
6972,14
6973,76
6974,153
6975,30
6976,28
6977,2
6978,38
6979,278
6980,48
6981,105
6982,86
6983,95
6984,95
6985,214
6986,80
6987,94
6988,50
6989,99
6990,23
6991,19
6992,5
6993,253
6994,58
6995,303
6996,10
6997,61
6998,27
6999,57
7000,192
7001,49
7002,19
7003,24
7004,34
7005,19
7006,439
7007,77
7008,42
7009,62
7010,206
7011,3
7012,47
7013,156
7014,127
7015,71
7016,70
7017,60
7018,57
7019,39
7020,162
7021,125
7022,149
7023,69
7024,227
7025,106
7026,96
7027,250
7028,42
7029,384
7030,92
7031,137
7032,106
7033,125
7034,251
7035,66
7036,121
7037,149
7038,32
7039,8
7040,16
7041,25
7042,13
7043,100
7044,200
7045,48
7046,103
7047,23
7048,66
7049,13
7050,45
7051,42
7052,196
7053,18
7054,116
7055,212
7056,291
7057,19
7058,258
7059,47
7060,15
7061,653
7062,40
7063,195
7064,698
7065,152
7066,105
7067,57
7068,184
7069,5
7070,16
7071,150
7072,139
7073,47
7074,109
7075,21
7076,4
7077,46
7078,82
7079,10
7080,22
7081,25
7082,176
7083,105
7084,82
7085,98
7086,397
7087,165
7088,9
7089,398
7090,16
7091,59
7092,30
7093,194
7094,5
7095,51
7096,70
7097,86
7098,14
7099,140
7100,73
7101,155
7102,155
7103,11
7104,131
7105,0
7106,11
7107,253
7108,184
7109,68
7110,103
7111,332
7112,153
7113,308
7114,107
7115,27
7116,138
7117,48
7118,236
7119,28
7120,46
7121,68
7122,98
7123,88
7124,78
7125,14
7126,65
7127,282
7128,392
7129,117
7130,77
7131,40
7132,144
7133,60
7134,9
7135,260
7136,6
7137,0
7138,50
7139,240
7140,65
7141,42
7142,170
7143,229
7144,122
7145,5
7146,202
7147,212
7148,95
7149,13
7150,53
7151,137
7152,144
7153,59
7154,166
7155,154
7156,61
7157,222
7158,143
7159,4
7160,123
7161,288
7162,59
7163,115
7164,189
7165,203
7166,58
7167,55
7168,218
7169,0
7170,388
7171,242
7172,85
7173,9
7174,104
7175,110
7176,65
7177,115
7178,72
7179,114
7180,67
7181,80
7182,0
7183,4
7184,52
7185,67
7186,126
7187,124
7188,260
7189,174
7190,71
7191,184
7192,75
7193,46
7194,128
7195,134
7196,46
7197,30
7198,119
7199,41
7200,45
7201,172
7202,48
7203,188
7204,169
7205,142
7206,132
7207,149
7208,92
7209,12
7210,29
7211,508
7212,44
7213,279
7214,105
7215,24
7216,35
7217,14
7218,103
7219,428
7220,146
7221,43
7222,44
7223,13
7224,11
7225,455
7226,57
7227,144
7228,32
7229,109
7230,217
7231,16
7232,34
7233,14
7234,64
7235,247
7236,17
7237,63
7238,9
7239,171
7240,80
7241,366
7242,2
7243,146
7244,77
7245,23
7246,574
7247,169
7248,100
7249,1
7250,550
7251,17
7252,82
7253,296
7254,48
7255,151
7256,22
7257,16
7258,39
7259,222
7260,111
7261,98
7262,122
7263,77
7264,136
7265,66
7266,192
7267,45
7268,232
7269,8
7270,81
7271,46
7272,25
7273,25
7274,30
7275,91
7276,54
7277,0
7278,46
7279,42
7280,69
7281,192
7282,41
7283,13
7284,140
7285,57
7286,34
7287,64
7288,31
7289,13
7290,46
7291,50
7292,156
7293,204
7294,11
7295,7
7296,39
7297,124
7298,173
7299,67
7300,222
7301,154
7302,83
7303,43
7304,182
7305,20
7306,71
7307,112
7308,124
7309,138
7310,10
7311,551
7312,51
7313,212
7314,282
7315,30
7316,1
7317,264
7318,3
7319,263
7320,239
7321,9
7322,69
7323,39
7324,293
7325,17
7326,121
7327,8
7328,301
7329,423
7330,140
7331,831
7332,175
7333,77
7334,59
7335,138
7336,17
7337,43
7338,116
7339,73
7340,150
7341,39
7342,5
7343,427
7344,82
7345,10
7346,120
7347,36
7348,51
7349,226
7350,155
7351,129
7352,136
7353,197
7354,53
7355,148
7356,97
7357,769
7358,201
7359,67
7360,70
7361,432
7362,9
7363,136
7364,90
7365,9
7366,21
7367,60
7368,7
7369,15
7370,56
7371,217
7372,66
7373,150
7374,30
7375,44
7376,7
7377,447
7378,9
7379,56
7380,359
7381,129
7382,223
7383,109
7384,20
7385,85
7386,61
7387,211
7388,111
7389,101
7390,62
7391,27
7392,172
7393,30
7394,171
7395,28
7396,103
7397,79
7398,478
7399,38
7400,11
7401,78
7402,81
7403,163
7404,45
7405,68
7406,26
7407,144
7408,87
7409,62
7410,22
7411,111
7412,30
7413,411
7414,81
7415,477
7416,108
7417,29
7418,75
7419,45
7420,130
7421,15
7422,53
7423,94
7424,78
7425,109
7426,202
7427,56
7428,82
7429,33
7430,107
7431,143
7432,74
7433,91
7434,68
7435,123
7436,217
7437,176
7438,96
7439,22
7440,334
7441,298
7442,159
7443,101
7444,8
7445,3
7446,275
7447,65
7448,180
7449,21
7450,33
7451,8
7452,21
7453,39
7454,98
7455,46
7456,199
7457,205
7458,161
7459,34
7460,26
7461,414
7462,5
7463,60
7464,17
7465,84
7466,176
7467,20
7468,57
7469,45
7470,293
7471,10
7472,47
7473,132
7474,263
7475,77
7476,238
7477,4
7478,237
7479,27
7480,76
7481,32
7482,244
7483,0
7484,371
7485,71
7486,13
7487,11
7488,62
7489,29
7490,112
7491,166
7492,12
7493,228
7494,190
7495,130
7496,36
7497,12
7498,358
7499,0
7500,9
7501,32
7502,15
7503,85
7504,264
7505,149
7506,241
7507,519
7508,111
7509,276
7510,59
7511,159
7512,79
7513,252
7514,99
7515,26
7516,120
7517,229
7518,33
7519,66
7520,250
7521,86
7522,225
7523,266
7524,226
7525,127
7526,118
7527,29
7528,433
7529,266
7530,79
7531,90
7532,13
7533,45
7534,45
7535,99
7536,45
7537,25
7538,9
7539,32
7540,23
7541,5
7542,41
7543,277
7544,110
7545,69
7546,131
7547,133
7548,131
7549,46
7550,336
7551,246
7552,1
7553,57
7554,128
7555,72
7556,124
7557,119
7558,172
7559,32
7560,27
7561,39
7562,22
7563,173
7564,183
7565,43
7566,127
7567,49
7568,137
7569,47
7570,363
7571,0
7572,162
7573,163
7574,11
7575,147
7576,90
7577,22
7578,29
7579,21
7580,121
7581,157
7582,32
7583,3
7584,256
7585,73
7586,253
7587,65
7588,93
7589,372
7590,107
7591,14
7592,71
7593,67
7594,86
7595,43
7596,163
7597,131
7598,164
7599,61
7600,135
7601,315
7602,118
7603,221
7604,14
7605,4
7606,25
7607,82
7608,125
7609,19
7610,23
7611,206
7612,2
7613,17
7614,38
7615,200
7616,323
7617,55
7618,134
7619,74
7620,157
7621,28
7622,241
7623,246
7624,523
7625,339
7626,78
7627,73
7628,85
7629,66
7630,162
7631,2
7632,165
7633,75
7634,121
7635,114
7636,323
7637,277
7638,26
7639,84
7640,262
7641,169
7642,33
7643,44
7644,192
7645,15
7646,42
7647,10
7648,88
7649,0
7650,87
7651,111
7652,24
7653,21
7654,19
7655,114
7656,117
7657,43
7658,11
7659,377
7660,33
7661,91
7662,4
7663,24
7664,235
7665,179
7666,17
7667,26
7668,87
7669,25
7670,20
7671,247
7672,74
7673,314
7674,338
7675,89
7676,73
7677,85
7678,309
7679,153
7680,9
7681,512
7682,94
7683,32
7684,12
7685,355
7686,139
7687,19
7688,158
7689,128
7690,179
7691,28
7692,284
7693,151
7694,6
7695,142
7696,113
7697,200
7698,58
7699,173
7700,14
7701,13
7702,42
7703,87
7704,263
7705,203
7706,96
7707,258
7708,97
7709,80
7710,73
7711,117
7712,24
7713,100
7714,10
7715,127
7716,46
7717,68
7718,125
7719,65
7720,2
7721,76
7722,353
7723,305
7724,25
7725,200
7726,33
7727,79
7728,59
7729,60
7730,12
7731,252
7732,11
7733,2
7734,25
7735,48
7736,10
7737,16
7738,11
7739,44
7740,203
7741,271
7742,37
7743,39
7744,172
7745,305
7746,13
7747,8
7748,112
7749,17
7750,175
7751,54
7752,8
7753,10
7754,20
7755,5
7756,138
7757,37
7758,0
7759,87
7760,38
7761,74
7762,228
7763,379
7764,386
7765,21
7766,183
7767,188
7768,337
7769,24
7770,376
7771,148
7772,200
7773,65
7774,106
7775,13
7776,330
7777,27
7778,441
7779,107
7780,123
7781,144
7782,44
7783,88
7784,31
7785,272
7786,77
7787,110
7788,0
7789,73
7790,20
7791,6
7792,86
7793,128
7794,96
7795,146
7796,27
7797,128
7798,144
7799,12
7800,332
7801,116
7802,53
7803,96
7804,122
7805,125
7806,25
7807,328
7808,201
7809,67
7810,92
7811,150
7812,199
7813,508
7814,135
7815,41
7816,43
7817,253
7818,95
7819,25
7820,57
7821,151
7822,49
7823,43
7824,24
7825,170
7826,99
7827,13
7828,207
7829,22
7830,103
7831,21
7832,78
7833,345
7834,79
7835,48
7836,156
7837,125
7838,30
7839,43
7840,8
7841,1
7842,0
7843,12
7844,120
7845,448
7846,132
7847,392
7848,41
7849,14
7850,94
7851,33
7852,77
7853,91
7854,63
7855,93
7856,2
7857,45
7858,69
7859,28
7860,25
7861,101
7862,115
7863,98
7864,0
7865,73
7866,36
7867,311
7868,17
7869,37
7870,30
7871,8
7872,176
7873,101
7874,56
7875,14
7876,203
7877,20
7878,19
7879,167
7880,29
7881,45
7882,3
7883,985
7884,175
7885,53
7886,216
7887,53
7888,98
7889,2
7890,186
7891,126
7892,433
7893,102
7894,103
7895,0
7896,65
7897,62
7898,259
7899,167
7900,543
7901,124
7902,50
7903,79
7904,49
7905,213
7906,86
7907,34
7908,53
7909,201
7910,365
7911,6
7912,17
7913,78
7914,70
7915,38
7916,112
7917,344
7918,108
7919,170
7920,153
7921,141
7922,92
7923,101
7924,223
7925,0
7926,19
7927,0
7928,112
7929,81
7930,28
7931,94
7932,94
7933,49
7934,28
7935,134
7936,126
7937,155
7938,36
7939,7
7940,70
7941,193
7942,2
7943,45
7944,151
7945,259
7946,217
7947,72
7948,308
7949,218
7950,96
7951,122
7952,3
7953,264
7954,8
7955,3
7956,164
7957,347
7958,58
7959,14
7960,37
7961,113
7962,46
7963,0
7964,262
7965,202
7966,301
7967,322
7968,40
7969,52
7970,299
7971,4
7972,34
7973,137
7974,11
7975,53
7976,30
7977,9
7978,175
7979,18
7980,10
7981,80
7982,104
7983,170
7984,273
7985,32
7986,136
7987,33
7988,26
7989,139
7990,7
7991,41
7992,18
7993,263
7994,183
7995,57
7996,30
7997,123
7998,6
7999,334
8000,132
8001,40
8002,191
8003,154
8004,255
8005,195
8006,254
8007,15
8008,76
8009,380
8010,35
8011,31
8012,19
8013,27
8014,74
8015,68
8016,88
8017,1
8018,16
8019,154
8020,95
8021,292
8022,19
8023,49
8024,48
8025,323
8026,213
8027,17
8028,4
8029,35
8030,328
8031,505
8032,187
8033,42
8034,10
8035,137
8036,90
8037,273
8038,10
8039,273
8040,158
8041,70
8042,210
8043,103
8044,144
8045,105
8046,175
8047,164
8048,100
8049,382
8050,173
8051,238
8052,208
8053,510
8054,257
8055,128
8056,59
8057,87
8058,25
8059,95
8060,98
8061,30
8062,25
8063,182
8064,158
8065,65
8066,19
8067,152
8068,247
8069,77
8070,316
8071,170
8072,553
8073,28
8074,285
8075,209
8076,7
8077,126
8078,135
8079,118
8080,72
8081,75
8082,42
8083,91
8084,99
8085,33
8086,34
8087,124
8088,101
8089,12
8090,20
8091,488
8092,24
8093,26
8094,337
8095,20
8096,332
8097,272
8098,38
8099,16
8100,521
8101,2
8102,273
8103,92
8104,10
8105,50
8106,470
8107,116
8108,30
8109,479
8110,12
8111,110
8112,444
8113,19
8114,71
8115,4
8116,38
8117,202
8118,190
8119,35
8120,103
8121,213
8122,59
8123,411
8124,44
8125,321
8126,409
8127,64
8128,118
8129,72
8130,125
8131,42
8132,170
8133,90
8134,43
8135,238
8136,11
8137,311
8138,68
8139,138
8140,30
8141,132
8142,65
8143,78
8144,50
8145,140
8146,25
8147,71
8148,119
8149,39
8150,88
8151,183
8152,100
8153,4
8154,164
8155,66
8156,111
8157,22
8158,171
8159,17
8160,8
8161,168
8162,194
8163,106
8164,75
8165,147
8166,19
8167,166
8168,195
8169,150
8170,6
8171,222
8172,234
8173,24
8174,23
8175,8
8176,540
8177,44
8178,165
8179,62
8180,3
8181,74
8182,218
8183,22
8184,37
8185,242
8186,31
8187,50
8188,126
8189,40
8190,123
8191,226
8192,53
8193,117
8194,522
8195,209
8196,19
8197,71
8198,37
8199,203
8200,234
8201,31
8202,28
8203,35
8204,78
8205,22
8206,153
8207,50
8208,109
8209,232
8210,236
8211,291
8212,37
8213,52
8214,1
8215,140
8216,112
8217,64
8218,62
8219,240
8220,252
8221,238
8222,157
8223,196
8224,107
8225,181
8226,57
8227,1
8228,73
8229,266
8230,11
8231,23
8232,18
8233,103
8234,36
8235,50
8236,124
8237,22
8238,273
8239,0
8240,259
8241,36
8242,8
8243,249
8244,117
8245,136
8246,5
8247,82
8248,238
8249,116
8250,50
8251,73
8252,30
8253,70
8254,215
8255,136
8256,99
8257,65
8258,72
8259,56
8260,80
8261,209
8262,196
8263,2
8264,189
8265,266
8266,58
8267,13
8268,224
8269,25
8270,602
8271,184
8272,65
8273,274
8274,194
8275,32
8276,49
8277,165
8278,54
8279,11
8280,100
8281,203
8282,148
8283,182
8284,190
8285,296
8286,1
8287,32
8288,59
8289,22
8290,241
8291,304
8292,2
8293,81
8294,57
8295,250
8296,210
8297,74
8298,94
8299,386
8300,34
8301,79
8302,188
8303,541
8304,83
8305,26
8306,17
8307,79
8308,155
8309,299
8310,37
8311,10
8312,2
8313,5
8314,389
8315,88
8316,86
8317,758
8318,206
8319,350
8320,90
8321,172
8322,14
8323,187
8324,327
8325,81
8326,73
8327,438
8328,225
8329,213
8330,36
8331,110
8332,115
8333,74
8334,59
8335,101
8336,66
8337,10
8338,133
8339,52
8340,94
8341,20
8342,45
8343,299
8344,65
8345,208
8346,17
8347,94
8348,19
8349,50
8350,487
8351,70
8352,143
8353,10
8354,16
8355,29
8356,17
8357,13
8358,46
8359,143
8360,21
8361,223
8362,36
8363,122
8364,80
8365,9
8366,45
8367,178
8368,51
8369,16
8370,289
8371,2
8372,497
8373,15
8374,223
8375,147
8376,114
8377,53
8378,109
8379,174
8380,95
8381,12
8382,128
8383,5
8384,113
8385,6
8386,20
8387,70
8388,95
8389,194
8390,103
8391,28
8392,42
8393,213
8394,454
8395,17
8396,130
8397,171
8398,8
8399,470
8400,78
8401,211
8402,53
8403,107
8404,6
8405,315
8406,20
8407,391
8408,415
8409,26
8410,157
8411,164
8412,473
8413,127
8414,32
8415,39
8416,210
8417,88
8418,38
8419,43
8420,243
8421,241
8422,123
8423,38
8424,18
8425,94
8426,81
8427,318
8428,224
8429,22
8430,391
8431,228
8432,163
8433,152
8434,11
8435,151
8436,60
8437,320
8438,168
8439,16
8440,140
8441,291
8442,27
8443,234
8444,15
8445,127
8446,310
8447,256
8448,58
8449,115
8450,77
8451,218
8452,149
8453,49
8454,17
8455,17
8456,232
8457,34
8458,94
8459,38
8460,370
8461,81
8462,54
8463,143
8464,248
8465,430
8466,39
8467,154
8468,321
8469,92
8470,57
8471,61
8472,260
8473,23
8474,94
8475,49
8476,38
8477,243
8478,145
8479,16
8480,76
8481,285
8482,189
8483,39
8484,49
8485,166
8486,26
8487,59
8488,116
8489,141
8490,39
8491,56
8492,234
8493,44
8494,30
8495,92
8496,109
8497,12
8498,151
8499,457
8500,466
8501,110
8502,10
8503,122
8504,107
8505,13
8506,99
8507,20
8508,40
8509,127
8510,5
8511,71
8512,53
8513,47
8514,55
8515,23
8516,109
8517,28
8518,79
8519,94
8520,29
8521,21
8522,128
8523,66
8524,82
8525,54
8526,158
8527,2
8528,31
8529,122
8530,81
8531,17
8532,314
8533,220
8534,16
8535,48
8536,227
8537,86
8538,235
8539,91
8540,158
8541,181
8542,23
8543,3
8544,100
8545,88
8546,52
8547,1
8548,45
8549,203
8550,0
8551,215
8552,53
8553,2
8554,192
8555,15
8556,238
8557,60
8558,16
8559,3
8560,21
8561,111
8562,157
8563,11
8564,35
8565,16
8566,22
8567,150
8568,15
8569,168
8570,90
8571,368
8572,94
8573,80
8574,109
8575,23
8576,40
8577,325
8578,946
8579,296
8580,52
8581,125
8582,11
8583,66
8584,106
8585,22
8586,3
8587,158
8588,315
8589,40
8590,218
8591,186
8592,105
8593,111
8594,1
8595,330
8596,114
8597,13
8598,105
8599,230
8600,16
8601,242
8602,74
8603,16
8604,44
8605,122
8606,6
8607,14
8608,15
8609,90
8610,59
8611,8
8612,78
8613,125
8614,152
8615,45
8616,100
8617,46
8618,846
8619,22
8620,50
8621,29
8622,306
8623,4
8624,218
8625,154
8626,81
8627,106
8628,336
8629,22
8630,78
8631,108
8632,60
8633,58
8634,25
8635,263
8636,37
8637,26
8638,236
8639,349
8640,89
8641,82
8642,80
8643,6
8644,99
8645,17
8646,294
8647,21
8648,142
8649,559
8650,142
8651,126
8652,665
8653,139
8654,118
8655,37
8656,85
8657,456
8658,157
8659,313
8660,108
8661,88
8662,38
8663,422
8664,120
8665,9
8666,117
8667,25
8668,41
8669,18
8670,1
8671,84
8672,211
8673,116
8674,130
8675,419
8676,16
8677,44
8678,19
8679,119
8680,147
8681,79
8682,142
8683,76
8684,162
8685,200
8686,124
8687,108
8688,1
8689,238
8690,54
8691,1
8692,413
8693,53
8694,117
8695,25
8696,9
8697,92
8698,177
8699,9
8700,145
8701,194
8702,33
8703,244
8704,11
8705,3
8706,173
8707,58
8708,236
8709,98
8710,111
8711,480
8712,112
8713,91
8714,60
8715,9
8716,485
8717,171
8718,46
8719,76
8720,79
8721,143
8722,151
8723,95
8724,116
8725,57
8726,90
8727,260
8728,119
8729,50
8730,23
8731,161
8732,31
8733,307
8734,174
8735,184
8736,112
8737,261
8738,102
8739,11
8740,90
8741,27
8742,12
8743,39
8744,237
8745,17
8746,331
8747,79
8748,27
8749,106
8750,138
8751,71
8752,2
8753,111
8754,49
8755,9
8756,91
8757,192
8758,2
8759,153
8760,70
8761,41
8762,418
8763,164
8764,101
8765,29
8766,119
8767,699
8768,70
8769,310
8770,14
8771,343
8772,0
8773,132
8774,13
8775,120
8776,6
8777,83
8778,38
8779,41
8780,199
8781,107
8782,107
8783,249
8784,197
8785,88
8786,67
8787,58
8788,40
8789,124
8790,40
8791,106
8792,63
8793,23
8794,415
8795,58
8796,51
8797,380
8798,502
8799,102
8800,66
8801,11
8802,247
8803,91
8804,25
8805,53
8806,379
8807,349
8808,17
8809,16
8810,107
8811,77
8812,2
8813,7
8814,72
8815,308
8816,41
8817,82
8818,68
8819,203
8820,784
8821,184
8822,126
8823,18
8824,238
8825,433
8826,307
8827,17
8828,27
8829,367
8830,135
8831,194
8832,54
8833,25
8834,36
8835,40
8836,120
8837,13
8838,20
8839,1
8840,69
8841,47
8842,122
8843,303
8844,108
8845,59
8846,129
8847,64
8848,23
8849,25
8850,317
8851,97
8852,106
8853,350
8854,115
8855,15
8856,229
8857,33
8858,9
8859,55
8860,51
8861,404
8862,1
8863,181
8864,15
8865,42
8866,95
8867,207
8868,161
8869,52
8870,24
8871,198
8872,55
8873,102
8874,59
8875,14
8876,47
8877,91
8878,18
8879,337
8880,30
8881,255
8882,47
8883,16
8884,353
8885,39
8886,317
8887,27
8888,35
8889,137
8890,49
8891,59
8892,119
8893,104
8894,103
8895,151
8896,15
8897,10
8898,81
8899,174
8900,46
8901,52
8902,130
8903,323
8904,48
8905,7
8906,83
8907,149
8908,54
8909,775
8910,55
8911,1
8912,127
8913,125
8914,56
8915,21
8916,286
8917,64
8918,12
8919,12
8920,2
8921,119
8922,25
8923,34
8924,109
8925,54
8926,55
8927,178
8928,56
8929,197
8930,42
8931,404
8932,10
8933,476
8934,194
8935,292
8936,8
8937,25
8938,33
8939,135
8940,18
8941,0
8942,16
8943,42
8944,406
8945,81
8946,61
8947,22
8948,35
8949,60
8950,125
8951,351
8952,39
8953,110
8954,3
8955,95
8956,44
8957,129
8958,22
8959,4
8960,35
8961,82
8962,11
8963,225
8964,156
8965,205
8966,7
8967,15
8968,85
8969,5
8970,149
8971,191
8972,239
8973,123
8974,8
8975,164
8976,6
8977,92
8978,814
8979,467
8980,190
8981,41
8982,303
8983,68
8984,126
8985,114
8986,266
8987,56
8988,72
8989,207
8990,4
8991,66
8992,104
8993,7
8994,13
8995,82
8996,55
8997,66
8998,26
8999,55
9000,253
9001,83
9002,96
9003,364
9004,108
9005,3
9006,252
9007,3
9008,337
9009,34
9010,10
9011,13
9012,39
9013,73
9014,34
9015,68
9016,19
9017,219
9018,15
9019,26
9020,151
9021,29
9022,96
9023,6
9024,12
9025,31
9026,159
9027,109
9028,310
9029,183
9030,106
9031,124
9032,22
9033,200
9034,49
9035,516
9036,192
9037,29
9038,120
9039,41
9040,430
9041,35
9042,83
9043,8
9044,460
9045,216
9046,106
9047,153
9048,8
9049,19
9050,97
9051,19
9052,140
9053,180
9054,63
9055,41
9056,230
9057,61
9058,62
9059,84
9060,90
9061,102
9062,314
9063,44
9064,101
9065,37
9066,0
9067,375
9068,25
9069,212
9070,482
9071,71
9072,48
9073,81
9074,26
9075,48
9076,14
9077,421
9078,46
9079,18
9080,22
9081,153
9082,111
9083,107
9084,201
9085,529
9086,189
9087,7
9088,25
9089,60
9090,28
9091,307
9092,193
9093,75
9094,126
9095,468
9096,34
9097,68
9098,84
9099,169
9100,68
9101,20
9102,6
9103,559
9104,201
9105,13
9106,519
9107,32
9108,13
9109,127
9110,54
9111,55
9112,133
9113,167
9114,16
9115,27
9116,24
9117,341
9118,33
9119,5
9120,43
9121,164
9122,35
9123,86
9124,13
9125,1
9126,11
9127,65
9128,203
9129,149
9130,137
9131,46
9132,370
9133,517
9134,45
9135,157
9136,242
9137,147
9138,418
9139,104
9140,12
9141,28
9142,0
9143,400
9144,17
9145,147
9146,38
9147,128
9148,83
9149,250
9150,147
9151,107
9152,33
9153,100
9154,1
9155,157
9156,79
9157,80
9158,49
9159,22
9160,129
9161,180
9162,172
9163,105
9164,256
9165,37
9166,9
9167,437
9168,107
9169,116
9170,153
9171,292
9172,97
9173,104
9174,9
9175,26
9176,11
9177,90
9178,261
9179,13
9180,213
9181,1
9182,7
9183,25
9184,162
9185,74
9186,6
9187,3
9188,17
9189,1
9190,10
9191,31
9192,29
9193,77
9194,174
9195,244
9196,302
9197,84
9198,135
9199,145
9200,408
9201,120
9202,289
9203,0
9204,78
9205,78
9206,0
9207,5
9208,220
9209,161
9210,80
9211,173
9212,56
9213,182
9214,203
9215,306
9216,21
9217,21
9218,169
9219,89
9220,116
9221,54
9222,18
9223,146
9224,241
9225,62
9226,362
9227,195
9228,153
9229,132
9230,46
9231,505
9232,93
9233,103
9234,3
9235,176
9236,164
9237,14
9238,9
9239,86
9240,66
9241,40
9242,29
9243,113
9244,2
9245,43
9246,219
9247,130
9248,127
9249,27
9250,13
9251,316
9252,17
9253,549
9254,164
9255,53
9256,6
9257,520
9258,158
9259,71
9260,28
9261,84
9262,54
9263,74
9264,345
9265,10
9266,39
9267,76
9268,526
9269,9
9270,29
9271,28
9272,210
9273,70
9274,20
9275,327
9276,116
9277,32
9278,22
9279,7
9280,15
9281,188
9282,78
9283,161
9284,190
9285,35
9286,570
9287,31
9288,68
9289,26
9290,174
9291,88
9292,26
9293,68
9294,24
9295,307
9296,204
9297,3
9298,372
9299,8
9300,114
9301,134
9302,324
9303,72
9304,20
9305,9
9306,35
9307,139
9308,215
9309,59
9310,153
9311,86
9312,170
9313,145
9314,420
9315,71
9316,86
9317,37
9318,10
9319,13
9320,88
9321,358
9322,210
9323,62
9324,76
9325,8
9326,348
9327,82
9328,0
9329,169
9330,83
9331,268
9332,0
9333,236
9334,15
9335,104
9336,283
9337,165
9338,397
9339,294
9340,38
9341,22
9342,78
9343,46
9344,20
9345,175
9346,46
9347,113
9348,37
9349,8
9350,177
9351,182
9352,42
9353,29
9354,40
9355,130
9356,195
9357,63
9358,70
9359,535
9360,97
9361,244
9362,230
9363,196
9364,373
9365,3
9366,10
9367,197
9368,33
9369,114
9370,111
9371,12
9372,33
9373,382
9374,13
9375,29
9376,25
9377,24
9378,235
9379,27
9380,77
9381,40
9382,121
9383,327
9384,3
9385,206
9386,3
9387,24
9388,220
9389,16
9390,60
9391,729
9392,579
9393,14
9394,152
9395,13
9396,24
9397,4
9398,83
9399,52
9400,33
9401,150
9402,57
9403,144
9404,18
9405,102
9406,194
9407,10
9408,19
9409,19
9410,46
9411,56
9412,135
9413,51
9414,212
9415,14
9416,34
9417,94
9418,141
9419,144
9420,129
9421,9
9422,10
9423,290
9424,128
9425,47
9426,5
9427,301
9428,667
9429,110
9430,218
9431,396
9432,252
9433,290
9434,90
9435,90
9436,164
9437,64
9438,21
9439,34
9440,685
9441,188
9442,19
9443,75
9444,108
9445,106
9446,11
9447,167
9448,196
9449,42
9450,114
9451,399
9452,321
9453,14
9454,8
9455,74
9456,72
9457,4
9458,3
9459,7
9460,94
9461,279
9462,35
9463,197
9464,179
9465,5
9466,56
9467,119
9468,51
9469,10
9470,36
9471,145
9472,6
9473,79
9474,88
9475,261
9476,178
9477,146
9478,71
9479,99
9480,199
9481,0
9482,77
9483,281
9484,79
9485,129
9486,282
9487,217
9488,126
9489,183
9490,66
9491,118
9492,11
9493,99
9494,85
9495,116
9496,146
9497,61
9498,406
9499,15
9500,68
9501,76
9502,70
9503,6
9504,47
9505,106
9506,638
9507,26
9508,126
9509,167
9510,8
9511,101
9512,101
9513,160
9514,38
9515,2
9516,149
9517,22
9518,16
9519,65
9520,151
9521,221
9522,126
9523,33
9524,617
9525,144
9526,170
9527,97
9528,34
9529,148
9530,234
9531,41
9532,43
9533,1
9534,36
9535,9
9536,415
9537,28
9538,265
9539,42
9540,426
9541,10
9542,25
9543,19
9544,58
9545,203
9546,25
9547,82
9548,194
9549,109
9550,206
9551,268
9552,197
9553,6
9554,244
9555,78
9556,50
9557,44
9558,89
9559,5
9560,63
9561,212
9562,79
9563,185
9564,41
9565,181
9566,128
9567,87
9568,24
9569,116
9570,223
9571,584
9572,93
9573,114
9574,84
9575,27
9576,823
9577,29
9578,18
9579,71
9580,35
9581,11
9582,65
9583,44
9584,140
9585,263
9586,46
9587,212
9588,97
9589,65
9590,82
9591,116
9592,6
9593,434
9594,52
9595,152
9596,53
9597,633
9598,43
9599,60
9600,160
9601,252
9602,94
9603,356
9604,0
9605,52
9606,53
9607,69
9608,231
9609,14
9610,154
9611,223
9612,7
9613,61
9614,22
9615,1
9616,25
9617,110
9618,108
9619,33
9620,201
9621,11
9622,163
9623,152
9624,58
9625,87
9626,132
9627,108
9628,162
9629,41
9630,131
9631,2
9632,334
9633,55
9634,54
9635,8
9636,124
9637,50
9638,52
9639,20
9640,100
9641,232
9642,226
9643,85
9644,113
9645,14
9646,133
9647,59
9648,250
9649,91
9650,408
9651,176
9652,131
9653,179
9654,32
9655,10
9656,169
9657,56
9658,49
9659,291
9660,100
9661,52
9662,98
9663,226
9664,67
9665,99
9666,33
9667,69
9668,50
9669,68
9670,272
9671,244
9672,20
9673,8
9674,449
9675,120
9676,23
9677,208
9678,38
9679,48
9680,50
9681,168
9682,53
9683,13
9684,116
9685,15
9686,104
9687,136
9688,151
9689,152
9690,226
9691,30
9692,26
9693,36
9694,56
9695,232
9696,72
9697,16
9698,280
9699,143
9700,14
9701,66
9702,12
9703,30
9704,120
9705,38
9706,170
9707,175
9708,56
9709,57
9710,28
9711,39
9712,6
9713,125
9714,118
9715,217
9716,36
9717,71
9718,7
9719,227
9720,107
9721,41
9722,668
9723,19
9724,286
9725,333
9726,43
9727,279
9728,199
9729,54
9730,106
9731,41
9732,8
9733,129
9734,541
9735,30
9736,2
9737,5
9738,10
9739,88
9740,280
9741,3
9742,152
9743,203
9744,163
9745,51
9746,51
9747,70
9748,22
9749,7
9750,174
9751,97
9752,128
9753,40
9754,188
9755,74
9756,87
9757,31
9758,66
9759,58
9760,83
9761,314
9762,103
9763,52
9764,56
9765,78
9766,218
9767,96
9768,223
9769,58
9770,155
9771,9
9772,74
9773,6
9774,169
9775,11
9776,212
9777,239
9778,8
9779,59
9780,18
9781,9
9782,89
9783,0
9784,39
9785,68
9786,136
9787,226
9788,76
9789,28
9790,17
9791,21
9792,35
9793,109
9794,108
9795,111
9796,63
9797,410
9798,10
9799,14
9800,363
9801,31
9802,25
9803,115
9804,21
9805,103
9806,94
9807,56
9808,131
9809,112
9810,192
9811,3
9812,223
9813,9
9814,331
9815,17
9816,278
9817,160
9818,30
9819,157
9820,592
9821,39
9822,258
9823,13
9824,57
9825,4
9826,191
9827,18
9828,55
9829,71
9830,75
9831,22
9832,82
9833,5
9834,0
9835,512
9836,224
9837,233
9838,196
9839,350
9840,54
9841,90
9842,38
9843,48
9844,110
9845,53
9846,595
9847,104
9848,26
9849,327
9850,88
9851,31
9852,184
9853,259
9854,68
9855,124
9856,87
9857,137
9858,290
9859,39
9860,167
9861,57
9862,216
9863,365
9864,169
9865,77
9866,9
9867,5
9868,114
9869,349
9870,203
9871,140
9872,17
9873,195
9874,45
9875,67
9876,7
9877,169
9878,204
9879,71
9880,88
9881,96
9882,90
9883,30
9884,37
9885,125
9886,14
9887,27
9888,264
9889,18
9890,325
9891,50
9892,22
9893,81
9894,5
9895,106
9896,230
9897,81
9898,57
9899,52
9900,66
9901,322
9902,210
9903,86
9904,66
9905,7
9906,33
9907,524
9908,26
9909,22
9910,29
9911,11
9912,4
9913,91
9914,180
9915,94
9916,60
9917,10
9918,874
9919,158
9920,135
9921,21
9922,210
9923,82
9924,201
9925,89
9926,141
9927,49
9928,121
9929,152
9930,20
9931,177
9932,29
9933,63
9934,1
9935,68
9936,130
9937,61
9938,82
9939,27
9940,269
9941,127
9942,102
9943,237
9944,116
9945,278
9946,60
9947,118
9948,48
9949,177
9950,108
9951,252
9952,204
9953,55
9954,216
9955,46
9956,49
9957,11
9958,121
9959,187
9960,89
9961,355
9962,45
9963,201
9964,104
9965,109
9966,17
9967,36
9968,228
9969,103
9970,199
9971,25
9972,272
9973,20
9974,112
9975,704
9976,81
9977,5
9978,19
9979,42
9980,206
9981,6
9982,270
9983,43
9984,5
9985,210
9986,16
9987,143
9988,184
9989,188
9990,4
9991,65
9992,288
9993,200
9994,178
9995,194
9996,6
9997,76
9998,338
9999,56
